[0m00:49:35.604330 [debug] [MainThread]: Sending event: {'category': 'dbt', 'action': 'invocation', 'label': 'start', 'context': [<snowplow_tracker.self_describing_json.SelfDescribingJson object at 0x00000242AA94D550>, <snowplow_tracker.self_describing_json.SelfDescribingJson object at 0x00000242ACE86D50>, <snowplow_tracker.self_describing_json.SelfDescribingJson object at 0x00000242ACE86E90>]}


============================== 00:49:35.613945 | 6d2e4261-153f-4124-8f92-8b676a41b33c ==============================
[0m00:49:35.613945 [info ] [MainThread]: Running with dbt=1.12.0
[0m00:49:35.617259 [debug] [MainThread]: running dbt with arguments {'maximum_seed_size_mib': '1', 'no_print': 'None', 'version_check': 'True', 'warn_error_options': 'WarnErrorOptionsV2(error=[], warn=[], silence=[])', 'static_parser': 'True', 'target_path': 'None', 'printer_width': '80', 'write_json': 'True', 'introspect': 'True', 'log_cache_events': 'False', 'empty': 'None', 'cache_selected_only': 'False', 'fail_fast': 'False', 'debug': 'False', 'log_format': 'default', 'profiles_dir': 'C:\\AtmoSync\\dbt', 'send_anonymous_usage_stats': 'True', 'quiet': 'False', 'warn_error': 'None', 'partial_parse': 'True', 'invocation_command': 'dbt debug', 'hints_enabled': 'True', 'indirect_selection': 'eager', 'use_experimental_parser': 'False', 'use_colors': 'True', 'log_path': 'logs'}
[0m00:49:35.894360 [info ] [MainThread]: dbt version: 1.12.0
[0m00:49:35.897496 [info ] [MainThread]: python version: 3.13.2
[0m00:49:35.899239 [info ] [MainThread]: python path: C:\Users\HP\AppData\Local\Programs\Python\Python313\python.exe
[0m00:49:35.900931 [info ] [MainThread]: os info: Windows-10-10.0.19045-SP0
[0m00:49:35.904237 [error] [MainThread]: [[31mERROR[0m]: Encountered an error:
Runtime Error
  Syntax error near line 11
  ------------------------------
  8  |       type: snowflake
  9  |       ACCOUNT = "UFLEKKC-IP07809"
  10 | 
  11 |       USER = "GOPI200429"
  12 | 
  13 |       PASSWORD = "GopiBalu20040229"
  14 | 
  
  Raw Error:
  ------------------------------
  while scanning a simple key
    in "<unicode string>", line 9, column 7
  could not find expected ':'
    in "<unicode string>", line 11, column 7
[0m00:49:35.908953 [debug] [MainThread]: Command `dbt debug` failed at 00:49:35.908460 after 0.53 seconds
[0m00:49:35.911077 [debug] [MainThread]: Sending event: {'category': 'dbt', 'action': 'invocation', 'label': 'end', 'context': [<snowplow_tracker.self_describing_json.SelfDescribingJson object at 0x00000242ACE91350>, <snowplow_tracker.self_describing_json.SelfDescribingJson object at 0x00000242ACD71B50>, <snowplow_tracker.self_describing_json.SelfDescribingJson object at 0x00000242ACD0FAC0>]}
[0m00:49:35.912667 [debug] [MainThread]: Flushing usage events
[0m00:49:38.430159 [debug] [MainThread]: An error was encountered while trying to flush usage events
[0m00:51:28.441404 [debug] [MainThread]: Sending event: {'category': 'dbt', 'action': 'invocation', 'label': 'start', 'context': [<snowplow_tracker.self_describing_json.SelfDescribingJson object at 0x000002003157D550>, <snowplow_tracker.self_describing_json.SelfDescribingJson object at 0x000002002D14CB90>, <snowplow_tracker.self_describing_json.SelfDescribingJson object at 0x0000020033ACFB10>]}


============================== 00:51:28.448129 | 8da1073c-5dab-4383-a8fa-c93ba89d510c ==============================
[0m00:51:28.448129 [info ] [MainThread]: Running with dbt=1.12.0
[0m00:51:28.449305 [debug] [MainThread]: running dbt with arguments {'static_parser': 'True', 'no_print': 'None', 'version_check': 'True', 'target_path': 'None', 'warn_error_options': 'WarnErrorOptionsV2(error=[], warn=[], silence=[])', 'maximum_seed_size_mib': '1', 'printer_width': '80', 'write_json': 'True', 'introspect': 'True', 'log_cache_events': 'False', 'empty': 'None', 'cache_selected_only': 'False', 'fail_fast': 'False', 'debug': 'False', 'log_format': 'default', 'profiles_dir': 'C:\\AtmoSync\\dbt', 'send_anonymous_usage_stats': 'True', 'quiet': 'False', 'warn_error': 'None', 'partial_parse': 'True', 'indirect_selection': 'eager', 'hints_enabled': 'True', 'invocation_command': 'dbt debug', 'use_experimental_parser': 'False', 'use_colors': 'True', 'log_path': 'logs'}
[0m00:51:28.492205 [info ] [MainThread]: dbt version: 1.12.0
[0m00:51:28.493143 [info ] [MainThread]: python version: 3.13.2
[0m00:51:28.493999 [info ] [MainThread]: python path: C:\Users\HP\AppData\Local\Programs\Python\Python313\python.exe
[0m00:51:28.494838 [info ] [MainThread]: os info: Windows-10-10.0.19045-SP0
[0m00:51:30.184660 [debug] [MainThread]: Snowflake adapter: Setting snowflake.connector to ERROR (file logging only)
[0m00:51:30.185391 [debug] [MainThread]: Snowflake adapter: Setting botocore to ERROR (file logging only)
[0m00:51:30.185928 [debug] [MainThread]: Snowflake adapter: Setting boto3 to ERROR (file logging only)
[0m00:51:30.413282 [info ] [MainThread]: Using profiles dir at C:\AtmoSync\dbt
[0m00:51:30.414426 [info ] [MainThread]: Using profiles.yml file at C:\AtmoSync\dbt\profiles.yml
[0m00:51:30.415752 [info ] [MainThread]: Using dbt_project.yml file at C:\AtmoSync\dbt\dbt_project.yml
[0m00:51:30.417868 [info ] [MainThread]: adapter type: snowflake
[0m00:51:30.418812 [info ] [MainThread]: adapter version: 1.12.0
[0m00:51:30.420782 [info ] [MainThread]: Configuration:
[0m00:51:30.422898 [info ] [MainThread]:   profiles.yml file [[32mOK found and valid[0m]
[0m00:51:30.424226 [info ] [MainThread]:   dbt_project.yml file [[31mERROR invalid[0m]
[0m00:51:30.425619 [info ] [MainThread]: Required dependencies:
[0m00:51:30.426883 [debug] [MainThread]: Executing "git --help"
[0m00:51:30.507799 [debug] [MainThread]: STDOUT: "b"usage: git [-v | --version] [-h | --help] [-C <path>] [-c <name>=<value>]\n           [--exec-path[=<path>]] [--html-path] [--man-path] [--info-path]\n           [-p | --paginate | -P | --no-pager] [--no-replace-objects] [--no-lazy-fetch]\n           [--no-optional-locks] [--no-advice] [--bare] [--git-dir=<path>]\n           [--work-tree=<path>] [--namespace=<name>] [--config-env=<name>=<envvar>]\n           <command> [<args>]\n\nThese are common Git commands used in various situations:\n\nstart a working area (see also: git help tutorial)\n   clone      Clone a repository into a new directory\n   init       Create an empty Git repository or reinitialize an existing one\n\nwork on the current change (see also: git help everyday)\n   add        Add file contents to the index\n   mv         Move or rename a file, a directory, or a symlink\n   restore    Restore working tree files\n   rm         Remove files from the working tree and from the index\n\nexamine the history and state (see also: git help revisions)\n   bisect     Use binary search to find the commit that introduced a bug\n   diff       Show changes between commits, commit and working tree, etc\n   grep       Print lines matching a pattern\n   log        Show commit logs\n   show       Show various types of objects\n   status     Show the working tree status\n\ngrow, mark and tweak your common history\n   backfill   Download missing objects in a partial clone\n   branch     List, create, or delete branches\n   commit     Record changes to the repository\n   history    EXPERIMENTAL: Rewrite history\n   merge      Join two or more development histories together\n   rebase     Reapply commits on top of another base tip\n   reset      Set `HEAD` or the index to a known state\n   switch     Switch branches\n   tag        Create, list, delete or verify tags\n\ncollaborate (see also: git help workflows)\n   fetch      Download objects and refs from another repository\n   pull       Fetch from and integrate with another repository or a local branch\n   push       Update remote refs along with associated objects\n\n'git help -a' and 'git help -g' list available subcommands and some\nconcept guides. See 'git help <command>' or 'git help <concept>'\nto read about a specific subcommand or concept.\nSee 'git help git' for an overview of the system.\n""
[0m00:51:30.508759 [debug] [MainThread]: STDERR: "b''"
[0m00:51:30.509648 [info ] [MainThread]:  - git [[32mOK found[0m]

[0m00:51:30.510551 [info ] [MainThread]: Connection:
[0m00:51:30.511530 [info ] [MainThread]:   account: UFLEKKC-IP07809
[0m00:51:30.512491 [info ] [MainThread]:   user: YOUR_USERNAME
[0m00:51:30.513424 [info ] [MainThread]:   database: ATMOSYNC_DB
[0m00:51:30.514324 [info ] [MainThread]:   warehouse: ATMOSYNC_WH
[0m00:51:30.515191 [info ] [MainThread]:   role: ACCOUNTADMIN
[0m00:51:30.516306 [info ] [MainThread]:   schema: RAW_DATA
[0m00:51:30.517385 [info ] [MainThread]:   authenticator: None
[0m00:51:30.519411 [info ] [MainThread]:   oauth_client_id: None
[0m00:51:30.520990 [info ] [MainThread]:   query_tag: None
[0m00:51:30.522336 [info ] [MainThread]:   client_session_keep_alive: False
[0m00:51:30.524039 [info ] [MainThread]:   host: None
[0m00:51:30.530129 [info ] [MainThread]:   port: None
[0m00:51:30.531391 [info ] [MainThread]:   proxy_host: None
[0m00:51:30.532523 [info ] [MainThread]:   proxy_port: None
[0m00:51:30.533369 [info ] [MainThread]:   protocol: None
[0m00:51:30.534657 [info ] [MainThread]:   connect_retries: 1
[0m00:51:30.536097 [info ] [MainThread]:   connect_timeout: None
[0m00:51:30.537455 [info ] [MainThread]:   retry_on_database_errors: False
[0m00:51:30.538480 [info ] [MainThread]:   retry_all: False
[0m00:51:30.539657 [info ] [MainThread]:   insecure_mode: False
[0m00:51:30.541959 [info ] [MainThread]:   reuse_connections: True
[0m00:51:30.543238 [info ] [MainThread]:   s3_stage_vpce_dns_name: None
[0m00:51:30.544406 [info ] [MainThread]:   workload_identity_provider: None
[0m00:51:30.545296 [info ] [MainThread]:   workload_identity_entra_resource: None
[0m00:51:30.546150 [info ] [MainThread]:   platform_detection_timeout_seconds: 0.0
[0m00:51:30.547327 [info ] [MainThread]: Registered adapter: snowflake=1.12.0
[0m00:51:31.432624 [debug] [MainThread]: Acquiring new snowflake connection 'debug'
[0m00:51:31.443878 [debug] [MainThread]: Using snowflake connection "debug"
[0m00:51:31.444441 [debug] [MainThread]: On debug: select 1 as id
[0m00:51:31.444887 [debug] [MainThread]: Opening a new connection, currently in state init
[0m00:51:33.125616 [debug] [MainThread]: Snowflake adapter: Error running SQL: select 1 as id
[0m00:51:33.127420 [debug] [MainThread]: Snowflake adapter: Rolling back transaction.
[0m00:51:33.129192 [info ] [MainThread]:   Connection test: [[31mERROR[0m]

[0m00:51:33.131431 [info ] [MainThread]: [31m2 checks failed:[0m
[0m00:51:33.133142 [info ] [MainThread]: Project loading failed for the following reason:
Runtime Error
  dbt_project.yml does not parse to a dictionary


[0m00:51:33.134416 [info ] [MainThread]: dbt was unable to connect to the specified database.
The database returned the following error:

  >Database Error
  250001 (08001): Failed to connect to DB: UFLEKKC-IP07809.snowflakecomputing.com:443. Incorrect username or password was specified. [95c0b245-298f-4514-8fff-645330336805]

Check your database credentials and try again. For more information, visit:
https://docs.getdbt.com/docs/configure-your-profile


[0m00:51:33.138912 [debug] [MainThread]: Command `dbt debug` failed at 00:51:33.138546 after 5.01 seconds
[0m00:51:33.140406 [debug] [MainThread]: Connection 'debug' was left open.
[0m00:51:33.141808 [debug] [MainThread]: On debug: No close available on handle
[0m00:51:33.143843 [debug] [MainThread]: Sending event: {'category': 'dbt', 'action': 'invocation', 'label': 'end', 'context': [<snowplow_tracker.self_describing_json.SelfDescribingJson object at 0x000002003F408180>, <snowplow_tracker.self_describing_json.SelfDescribingJson object at 0x000002003F1CEC30>, <snowplow_tracker.self_describing_json.SelfDescribingJson object at 0x000002003F0EE470>]}
[0m00:51:33.145515 [debug] [MainThread]: Flushing usage events
[0m00:51:35.734109 [debug] [MainThread]: An error was encountered while trying to flush usage events
[0m00:53:12.072040 [debug] [MainThread]: Sending event: {'category': 'dbt', 'action': 'invocation', 'label': 'start', 'context': [<snowplow_tracker.self_describing_json.SelfDescribingJson object at 0x00000208A4E7D550>, <snowplow_tracker.self_describing_json.SelfDescribingJson object at 0x00000208A0A4CB90>, <snowplow_tracker.self_describing_json.SelfDescribingJson object at 0x00000208A73D3B10>]}


============================== 00:53:12.083082 | 6d87dda1-142f-4080-b8dc-7e6c64d037f1 ==============================
[0m00:53:12.083082 [info ] [MainThread]: Running with dbt=1.12.0
[0m00:53:12.084477 [debug] [MainThread]: running dbt with arguments {'maximum_seed_size_mib': '1', 'no_print': 'None', 'static_parser': 'True', 'warn_error_options': 'WarnErrorOptionsV2(error=[], warn=[], silence=[])', 'target_path': 'None', 'version_check': 'True', 'printer_width': '80', 'write_json': 'True', 'introspect': 'True', 'log_cache_events': 'False', 'empty': 'None', 'cache_selected_only': 'False', 'fail_fast': 'False', 'debug': 'False', 'log_format': 'default', 'profiles_dir': 'C:\\AtmoSync\\dbt', 'send_anonymous_usage_stats': 'True', 'quiet': 'False', 'warn_error': 'None', 'partial_parse': 'True', 'invocation_command': 'dbt debug', 'hints_enabled': 'True', 'indirect_selection': 'eager', 'use_experimental_parser': 'False', 'use_colors': 'True', 'log_path': 'logs'}
[0m00:53:12.134144 [info ] [MainThread]: dbt version: 1.12.0
[0m00:53:12.135102 [info ] [MainThread]: python version: 3.13.2
[0m00:53:12.136178 [info ] [MainThread]: python path: C:\Users\HP\AppData\Local\Programs\Python\Python313\python.exe
[0m00:53:12.137041 [info ] [MainThread]: os info: Windows-10-10.0.19045-SP0
[0m00:53:14.228197 [debug] [MainThread]: Snowflake adapter: Setting snowflake.connector to ERROR (file logging only)
[0m00:53:14.228890 [debug] [MainThread]: Snowflake adapter: Setting botocore to ERROR (file logging only)
[0m00:53:14.230062 [debug] [MainThread]: Snowflake adapter: Setting boto3 to ERROR (file logging only)
[0m00:53:14.606682 [info ] [MainThread]: Using profiles dir at C:\AtmoSync\dbt
[0m00:53:14.608630 [info ] [MainThread]: Using profiles.yml file at C:\AtmoSync\dbt\profiles.yml
[0m00:53:14.610409 [info ] [MainThread]: Using dbt_project.yml file at C:\AtmoSync\dbt\dbt_project.yml
[0m00:53:14.613204 [info ] [MainThread]: adapter type: snowflake
[0m00:53:14.614862 [info ] [MainThread]: adapter version: 1.12.0
[0m00:53:14.617649 [info ] [MainThread]: Configuration:
[0m00:53:14.621824 [info ] [MainThread]:   profiles.yml file [[32mOK found and valid[0m]
[0m00:53:14.624123 [info ] [MainThread]:   dbt_project.yml file [[31mERROR invalid[0m]
[0m00:53:14.626462 [info ] [MainThread]: Required dependencies:
[0m00:53:14.627965 [debug] [MainThread]: Executing "git --help"
[0m00:53:14.725442 [debug] [MainThread]: STDOUT: "b"usage: git [-v | --version] [-h | --help] [-C <path>] [-c <name>=<value>]\n           [--exec-path[=<path>]] [--html-path] [--man-path] [--info-path]\n           [-p | --paginate | -P | --no-pager] [--no-replace-objects] [--no-lazy-fetch]\n           [--no-optional-locks] [--no-advice] [--bare] [--git-dir=<path>]\n           [--work-tree=<path>] [--namespace=<name>] [--config-env=<name>=<envvar>]\n           <command> [<args>]\n\nThese are common Git commands used in various situations:\n\nstart a working area (see also: git help tutorial)\n   clone      Clone a repository into a new directory\n   init       Create an empty Git repository or reinitialize an existing one\n\nwork on the current change (see also: git help everyday)\n   add        Add file contents to the index\n   mv         Move or rename a file, a directory, or a symlink\n   restore    Restore working tree files\n   rm         Remove files from the working tree and from the index\n\nexamine the history and state (see also: git help revisions)\n   bisect     Use binary search to find the commit that introduced a bug\n   diff       Show changes between commits, commit and working tree, etc\n   grep       Print lines matching a pattern\n   log        Show commit logs\n   show       Show various types of objects\n   status     Show the working tree status\n\ngrow, mark and tweak your common history\n   backfill   Download missing objects in a partial clone\n   branch     List, create, or delete branches\n   commit     Record changes to the repository\n   history    EXPERIMENTAL: Rewrite history\n   merge      Join two or more development histories together\n   rebase     Reapply commits on top of another base tip\n   reset      Set `HEAD` or the index to a known state\n   switch     Switch branches\n   tag        Create, list, delete or verify tags\n\ncollaborate (see also: git help workflows)\n   fetch      Download objects and refs from another repository\n   pull       Fetch from and integrate with another repository or a local branch\n   push       Update remote refs along with associated objects\n\n'git help -a' and 'git help -g' list available subcommands and some\nconcept guides. See 'git help <command>' or 'git help <concept>'\nto read about a specific subcommand or concept.\nSee 'git help git' for an overview of the system.\n""
[0m00:53:14.726578 [debug] [MainThread]: STDERR: "b''"
[0m00:53:14.727172 [info ] [MainThread]:  - git [[32mOK found[0m]

[0m00:53:14.727935 [info ] [MainThread]: Connection:
[0m00:53:14.728884 [info ] [MainThread]:   account: UFLEKKC-IP07809
[0m00:53:14.735101 [info ] [MainThread]:   user: GOPI200429
[0m00:53:14.739965 [info ] [MainThread]:   database: ATMOSYNC_DB
[0m00:53:14.742206 [info ] [MainThread]:   warehouse: ATMOSYNC_WH
[0m00:53:14.743819 [info ] [MainThread]:   role: ACCOUNTADMIN
[0m00:53:14.744704 [info ] [MainThread]:   schema: RAW_DATA
[0m00:53:14.745658 [info ] [MainThread]:   authenticator: None
[0m00:53:14.753282 [info ] [MainThread]:   oauth_client_id: None
[0m00:53:14.757478 [info ] [MainThread]:   query_tag: None
[0m00:53:14.759115 [info ] [MainThread]:   client_session_keep_alive: False
[0m00:53:14.760234 [info ] [MainThread]:   host: None
[0m00:53:14.761463 [info ] [MainThread]:   port: None
[0m00:53:14.763560 [info ] [MainThread]:   proxy_host: None
[0m00:53:14.771392 [info ] [MainThread]:   proxy_port: None
[0m00:53:14.774964 [info ] [MainThread]:   protocol: None
[0m00:53:14.777057 [info ] [MainThread]:   connect_retries: 1
[0m00:53:14.777904 [info ] [MainThread]:   connect_timeout: None
[0m00:53:14.778698 [info ] [MainThread]:   retry_on_database_errors: False
[0m00:53:14.781583 [info ] [MainThread]:   retry_all: False
[0m00:53:14.789017 [info ] [MainThread]:   insecure_mode: False
[0m00:53:14.791087 [info ] [MainThread]:   reuse_connections: True
[0m00:53:14.792608 [info ] [MainThread]:   s3_stage_vpce_dns_name: None
[0m00:53:14.807436 [info ] [MainThread]:   workload_identity_provider: None
[0m00:53:14.810025 [info ] [MainThread]:   workload_identity_entra_resource: None
[0m00:53:14.812070 [info ] [MainThread]:   platform_detection_timeout_seconds: 0.0
[0m00:53:14.825679 [info ] [MainThread]: Registered adapter: snowflake=1.12.0
[0m00:53:15.956528 [debug] [MainThread]: Acquiring new snowflake connection 'debug'
[0m00:53:15.960635 [debug] [MainThread]: Using snowflake connection "debug"
[0m00:53:15.961215 [debug] [MainThread]: On debug: select 1 as id
[0m00:53:15.961662 [debug] [MainThread]: Opening a new connection, currently in state init
[0m00:53:17.830672 [debug] [MainThread]: SQL status: SUCCESS 1 in 1.869 seconds
[0m00:53:17.835268 [info ] [MainThread]:   Connection test: [[32mOK connection ok[0m]

[0m00:53:17.837462 [info ] [MainThread]: [31m1 check failed:[0m
[0m00:53:17.839739 [info ] [MainThread]: Project loading failed for the following reason:
Runtime Error
  dbt_project.yml does not parse to a dictionary


[0m00:53:17.842444 [debug] [MainThread]: Command `dbt debug` failed at 00:53:17.842123 after 6.20 seconds
[0m00:53:17.843176 [debug] [MainThread]: Connection 'debug' was left open.
[0m00:53:17.843818 [debug] [MainThread]: On debug: Close
[0m00:53:18.136581 [debug] [MainThread]: Sending event: {'category': 'dbt', 'action': 'invocation', 'label': 'end', 'context': [<snowplow_tracker.self_describing_json.SelfDescribingJson object at 0x00000208B2D183E0>, <snowplow_tracker.self_describing_json.SelfDescribingJson object at 0x00000208B2ADF0B0>, <snowplow_tracker.self_describing_json.SelfDescribingJson object at 0x00000208B29FE9C0>]}
[0m00:53:18.138150 [debug] [MainThread]: Flushing usage events
[0m00:53:20.533160 [debug] [MainThread]: An error was encountered while trying to flush usage events
[0m00:55:59.810039 [debug] [MainThread]: Sending event: {'category': 'dbt', 'action': 'invocation', 'label': 'start', 'context': [<snowplow_tracker.self_describing_json.SelfDescribingJson object at 0x000002AA2A67D550>, <snowplow_tracker.self_describing_json.SelfDescribingJson object at 0x000002AA2623CB90>, <snowplow_tracker.self_describing_json.SelfDescribingJson object at 0x000002AA2CBD3B10>]}


============================== 00:55:59.817060 | 5399f192-1f8f-4167-9fcb-0bd4fd7bd0c1 ==============================
[0m00:55:59.817060 [info ] [MainThread]: Running with dbt=1.12.0
[0m00:55:59.818291 [debug] [MainThread]: running dbt with arguments {'static_parser': 'True', 'no_print': 'None', 'version_check': 'True', 'warn_error_options': 'WarnErrorOptionsV2(error=[], warn=[], silence=[])', 'maximum_seed_size_mib': '1', 'target_path': 'None', 'printer_width': '80', 'write_json': 'True', 'empty': 'None', 'log_cache_events': 'False', 'introspect': 'True', 'cache_selected_only': 'False', 'log_format': 'default', 'debug': 'False', 'fail_fast': 'False', 'partial_parse': 'True', 'send_anonymous_usage_stats': 'True', 'quiet': 'False', 'warn_error': 'None', 'profiles_dir': 'C:\\AtmoSync\\dbt', 'invocation_command': 'dbt debug', 'hints_enabled': 'True', 'indirect_selection': 'eager', 'use_experimental_parser': 'False', 'use_colors': 'True', 'log_path': 'C:\\AtmoSync\\dbt\\logs'}
[0m00:55:59.864228 [info ] [MainThread]: dbt version: 1.12.0
[0m00:55:59.865152 [info ] [MainThread]: python version: 3.13.2
[0m00:55:59.866041 [info ] [MainThread]: python path: C:\Users\HP\AppData\Local\Programs\Python\Python313\python.exe
[0m00:55:59.866884 [info ] [MainThread]: os info: Windows-10-10.0.19045-SP0
[0m00:56:01.502938 [debug] [MainThread]: Snowflake adapter: Setting snowflake.connector to ERROR (file logging only)
[0m00:56:01.503635 [debug] [MainThread]: Snowflake adapter: Setting botocore to ERROR (file logging only)
[0m00:56:01.504169 [debug] [MainThread]: Snowflake adapter: Setting boto3 to ERROR (file logging only)
[0m00:56:01.734565 [info ] [MainThread]: Using profiles dir at C:\AtmoSync\dbt
[0m00:56:01.735627 [info ] [MainThread]: Using profiles.yml file at C:\AtmoSync\dbt\profiles.yml
[0m00:56:01.736530 [info ] [MainThread]: Using dbt_project.yml file at C:\AtmoSync\dbt\dbt_project.yml
[0m00:56:01.738886 [info ] [MainThread]: adapter type: snowflake
[0m00:56:01.739837 [info ] [MainThread]: adapter version: 1.12.0
[0m00:56:01.931021 [info ] [MainThread]: Configuration:
[0m00:56:01.931910 [info ] [MainThread]:   profiles.yml file [[32mOK found and valid[0m]
[0m00:56:01.932859 [info ] [MainThread]:   dbt_project.yml file [[32mOK found and valid[0m]
[0m00:56:01.933752 [info ] [MainThread]: Required dependencies:
[0m00:56:01.934582 [debug] [MainThread]: Executing "git --help"
[0m00:56:01.995694 [debug] [MainThread]: STDOUT: "b"usage: git [-v | --version] [-h | --help] [-C <path>] [-c <name>=<value>]\n           [--exec-path[=<path>]] [--html-path] [--man-path] [--info-path]\n           [-p | --paginate | -P | --no-pager] [--no-replace-objects] [--no-lazy-fetch]\n           [--no-optional-locks] [--no-advice] [--bare] [--git-dir=<path>]\n           [--work-tree=<path>] [--namespace=<name>] [--config-env=<name>=<envvar>]\n           <command> [<args>]\n\nThese are common Git commands used in various situations:\n\nstart a working area (see also: git help tutorial)\n   clone      Clone a repository into a new directory\n   init       Create an empty Git repository or reinitialize an existing one\n\nwork on the current change (see also: git help everyday)\n   add        Add file contents to the index\n   mv         Move or rename a file, a directory, or a symlink\n   restore    Restore working tree files\n   rm         Remove files from the working tree and from the index\n\nexamine the history and state (see also: git help revisions)\n   bisect     Use binary search to find the commit that introduced a bug\n   diff       Show changes between commits, commit and working tree, etc\n   grep       Print lines matching a pattern\n   log        Show commit logs\n   show       Show various types of objects\n   status     Show the working tree status\n\ngrow, mark and tweak your common history\n   backfill   Download missing objects in a partial clone\n   branch     List, create, or delete branches\n   commit     Record changes to the repository\n   history    EXPERIMENTAL: Rewrite history\n   merge      Join two or more development histories together\n   rebase     Reapply commits on top of another base tip\n   reset      Set `HEAD` or the index to a known state\n   switch     Switch branches\n   tag        Create, list, delete or verify tags\n\ncollaborate (see also: git help workflows)\n   fetch      Download objects and refs from another repository\n   pull       Fetch from and integrate with another repository or a local branch\n   push       Update remote refs along with associated objects\n\n'git help -a' and 'git help -g' list available subcommands and some\nconcept guides. See 'git help <command>' or 'git help <concept>'\nto read about a specific subcommand or concept.\nSee 'git help git' for an overview of the system.\n""
[0m00:56:01.996467 [debug] [MainThread]: STDERR: "b''"
[0m00:56:01.997060 [info ] [MainThread]:  - git [[32mOK found[0m]

[0m00:56:01.997897 [info ] [MainThread]: Connection:
[0m00:56:01.998828 [info ] [MainThread]:   account: UFLEKKC-IP07809
[0m00:56:01.999694 [info ] [MainThread]:   user: GOPI200429
[0m00:56:02.000511 [info ] [MainThread]:   database: ATMOSYNC_DB
[0m00:56:02.001344 [info ] [MainThread]:   warehouse: ATMOSYNC_WH
[0m00:56:02.002166 [info ] [MainThread]:   role: ACCOUNTADMIN
[0m00:56:02.003297 [info ] [MainThread]:   schema: RAW_DATA
[0m00:56:02.004413 [info ] [MainThread]:   authenticator: None
[0m00:56:02.005655 [info ] [MainThread]:   oauth_client_id: None
[0m00:56:02.006979 [info ] [MainThread]:   query_tag: None
[0m00:56:02.008284 [info ] [MainThread]:   client_session_keep_alive: False
[0m00:56:02.009590 [info ] [MainThread]:   host: None
[0m00:56:02.010635 [info ] [MainThread]:   port: None
[0m00:56:02.011492 [info ] [MainThread]:   proxy_host: None
[0m00:56:02.012330 [info ] [MainThread]:   proxy_port: None
[0m00:56:02.013156 [info ] [MainThread]:   protocol: None
[0m00:56:02.013968 [info ] [MainThread]:   connect_retries: 1
[0m00:56:02.015288 [info ] [MainThread]:   connect_timeout: None
[0m00:56:02.016423 [info ] [MainThread]:   retry_on_database_errors: False
[0m00:56:02.017279 [info ] [MainThread]:   retry_all: False
[0m00:56:02.018111 [info ] [MainThread]:   insecure_mode: False
[0m00:56:02.018935 [info ] [MainThread]:   reuse_connections: True
[0m00:56:02.019758 [info ] [MainThread]:   s3_stage_vpce_dns_name: None
[0m00:56:02.021082 [info ] [MainThread]:   workload_identity_provider: None
[0m00:56:02.023098 [info ] [MainThread]:   workload_identity_entra_resource: None
[0m00:56:02.024803 [info ] [MainThread]:   platform_detection_timeout_seconds: 0.0
[0m00:56:02.026414 [info ] [MainThread]: Registered adapter: snowflake=1.12.0
[0m00:56:02.830156 [debug] [MainThread]: Acquiring new snowflake connection 'debug'
[0m00:56:02.834149 [debug] [MainThread]: Using snowflake connection "debug"
[0m00:56:02.834699 [debug] [MainThread]: On debug: select 1 as id
[0m00:56:02.835150 [debug] [MainThread]: Opening a new connection, currently in state init
[0m00:56:04.689749 [debug] [MainThread]: SQL status: SUCCESS 1 in 1.855 seconds
[0m00:56:04.691233 [info ] [MainThread]:   Connection test: [[32mOK connection ok[0m]

[0m00:56:04.692419 [info ] [MainThread]: [32mAll checks passed![0m
[0m00:56:04.694197 [debug] [MainThread]: Command `dbt debug` succeeded at 00:56:04.693959 after 5.18 seconds
[0m00:56:04.694884 [debug] [MainThread]: Connection 'debug' was left open.
[0m00:56:04.695371 [debug] [MainThread]: On debug: Close
[0m00:56:04.958021 [debug] [MainThread]: Sending event: {'category': 'dbt', 'action': 'invocation', 'label': 'end', 'context': [<snowplow_tracker.self_describing_json.SelfDescribingJson object at 0x000002AA384D4B00>, <snowplow_tracker.self_describing_json.SelfDescribingJson object at 0x000002AA3851DD90>, <snowplow_tracker.self_describing_json.SelfDescribingJson object at 0x000002AA3846A580>]}
[0m00:56:04.958752 [debug] [MainThread]: Flushing usage events
[0m00:56:08.190540 [debug] [MainThread]: An error was encountered while trying to flush usage events
[0m00:56:44.470300 [debug] [MainThread]: Sending event: {'category': 'dbt', 'action': 'invocation', 'label': 'start', 'context': [<snowplow_tracker.self_describing_json.SelfDescribingJson object at 0x000002A7EBB6D550>, <snowplow_tracker.self_describing_json.SelfDescribingJson object at 0x000002A7EE137ED0>, <snowplow_tracker.self_describing_json.SelfDescribingJson object at 0x000002A7EE137B10>]}


============================== 00:56:44.477636 | 058819db-dc92-443a-a96b-e988be376a29 ==============================
[0m00:56:44.477636 [info ] [MainThread]: Running with dbt=1.12.0
[0m00:56:44.478788 [debug] [MainThread]: running dbt with arguments {'static_parser': 'True', 'no_print': 'None', 'version_check': 'True', 'warn_error_options': 'WarnErrorOptionsV2(error=[], warn=[], silence=[])', 'maximum_seed_size_mib': '1', 'target_path': 'None', 'printer_width': '80', 'write_json': 'True', 'introspect': 'True', 'log_cache_events': 'False', 'empty': 'False', 'cache_selected_only': 'False', 'fail_fast': 'False', 'debug': 'False', 'log_format': 'default', 'profiles_dir': 'C:\\AtmoSync\\dbt', 'send_anonymous_usage_stats': 'True', 'quiet': 'False', 'warn_error': 'None', 'partial_parse': 'True', 'use_colors': 'True', 'hints_enabled': 'True', 'indirect_selection': 'eager', 'use_experimental_parser': 'False', 'invocation_command': 'dbt run', 'log_path': 'C:\\AtmoSync\\dbt\\logs'}
[0m00:56:46.088052 [debug] [MainThread]: Snowflake adapter: Setting snowflake.connector to ERROR (file logging only)
[0m00:56:46.088775 [debug] [MainThread]: Snowflake adapter: Setting botocore to ERROR (file logging only)
[0m00:56:46.089350 [debug] [MainThread]: Snowflake adapter: Setting boto3 to ERROR (file logging only)
[0m00:56:47.216564 [debug] [MainThread]: Sending event: {'category': 'dbt', 'action': 'project_id', 'label': '058819db-dc92-443a-a96b-e988be376a29', 'context': [<snowplow_tracker.self_describing_json.SelfDescribingJson object at 0x000002A7EC056780>]}
[0m00:56:47.424407 [debug] [MainThread]: Sending event: {'category': 'dbt', 'action': 'adapter_info', 'label': '058819db-dc92-443a-a96b-e988be376a29', 'context': [<snowplow_tracker.self_describing_json.SelfDescribingJson object at 0x000002A7F982FF00>]}
[0m00:56:47.427934 [info ] [MainThread]: Registered adapter: snowflake=1.12.0
[0m00:56:48.480654 [debug] [MainThread]: checksum: 15948c77f26fc04b93f8c33c7d3d95880cdcb8b78a46bd5069b548daa14b9be5, vars: {}, profile: atmosync, target: dev, version: 1.12.0
[0m00:56:48.482813 [info ] [MainThread]: Unable to do partial parsing because saved manifest not found. Starting full parse.
[0m00:56:48.484137 [debug] [MainThread]: Sending event: {'category': 'dbt', 'action': 'partial_parser', 'label': '058819db-dc92-443a-a96b-e988be376a29', 'context': [<snowplow_tracker.self_describing_json.SelfDescribingJson object at 0x000002A7F9437250>]}
[0m00:56:51.598705 [debug] [MainThread]: Sending event: {'category': 'dbt', 'action': 'load_project', 'label': '058819db-dc92-443a-a96b-e988be376a29', 'context': [<snowplow_tracker.self_describing_json.SelfDescribingJson object at 0x000002A7F941FF20>]}
[0m00:56:51.787361 [debug] [MainThread]: Wrote artifact WritableManifest to C:\AtmoSync\dbt\target\manifest.json
[0m00:56:51.805609 [debug] [MainThread]: Wrote artifact SemanticManifest to C:\AtmoSync\dbt\target\semantic_manifest.json
[0m00:56:52.047842 [debug] [MainThread]: Wrote artifact OsiDocument to C:\AtmoSync\dbt\target\osi_document.json
[0m00:56:52.088366 [debug] [MainThread]: Sending event: {'category': 'dbt', 'action': 'resource_counts', 'label': '058819db-dc92-443a-a96b-e988be376a29', 'context': [<snowplow_tracker.self_describing_json.SelfDescribingJson object at 0x000002A7FA0AACF0>]}
[0m00:56:52.089200 [info ] [MainThread]: Found 3 models, 2 sources, 545 macros
[0m00:56:52.090338 [debug] [MainThread]: Sending event: {'category': 'dbt', 'action': 'runnable_timing', 'label': '058819db-dc92-443a-a96b-e988be376a29', 'context': [<snowplow_tracker.self_describing_json.SelfDescribingJson object at 0x000002A7F9DD76C0>]}
[0m00:56:52.094652 [info ] [MainThread]: 
[0m00:56:52.095570 [info ] [MainThread]: Concurrency: 1 threads (target='dev')
[0m00:56:52.096879 [info ] [MainThread]: 
[0m00:56:52.099052 [debug] [MainThread]: Acquiring new snowflake connection 'master'
[0m00:56:52.111386 [debug] [ThreadPool]: Acquiring new snowflake connection 'list_ATMOSYNC_DB'
[0m00:56:52.142287 [debug] [ThreadPool]: Using snowflake connection "list_ATMOSYNC_DB"
[0m00:56:52.142896 [debug] [ThreadPool]: On list_ATMOSYNC_DB: show terse schemas in database ATMOSYNC_DB
    limit 10000
/* {"app": "dbt", "dbt_version": "1.12.0", "profile_name": "atmosync", "target_name": "dev", "connection_name": "list_ATMOSYNC_DB"} */
[0m00:56:52.143368 [debug] [ThreadPool]: Opening a new connection, currently in state init
[0m00:56:53.557833 [debug] [ThreadPool]: SQL status: SUCCESS 3 in 1.414 seconds
[0m00:56:53.565398 [debug] [ThreadPool]: Acquiring new snowflake connection 'list_ATMOSYNC_DB_RAW_DATA'
[0m00:56:53.616646 [debug] [ThreadPool]: Using snowflake connection "list_ATMOSYNC_DB_RAW_DATA"
[0m00:56:53.617739 [debug] [ThreadPool]: On list_ATMOSYNC_DB_RAW_DATA: show objects in ATMOSYNC_DB.RAW_DATA
    limit 10000
    

/* {"app": "dbt", "dbt_version": "1.12.0", "profile_name": "atmosync", "target_name": "dev", "connection_name": "list_ATMOSYNC_DB_RAW_DATA"} */;
[0m00:56:53.618851 [debug] [ThreadPool]: Opening a new connection, currently in state init
[0m00:56:54.677793 [debug] [ThreadPool]: SQL status: SUCCESS 2 in 1.059 seconds
[0m00:56:54.692933 [debug] [ThreadPool]: Using snowflake connection "list_ATMOSYNC_DB_RAW_DATA"
[0m00:56:54.694040 [debug] [ThreadPool]: On list_ATMOSYNC_DB_RAW_DATA: show user functions in ATMOSYNC_DB.RAW_DATA
/* {"app": "dbt", "dbt_version": "1.12.0", "profile_name": "atmosync", "target_name": "dev", "connection_name": "list_ATMOSYNC_DB_RAW_DATA"} */
[0m00:56:54.930318 [debug] [ThreadPool]: SQL status: SUCCESS 0 in 0.235 seconds
[0m00:56:54.935217 [debug] [MainThread]: Sending event: {'category': 'dbt', 'action': 'runnable_timing', 'label': '058819db-dc92-443a-a96b-e988be376a29', 'context': [<snowplow_tracker.self_describing_json.SelfDescribingJson object at 0x000002A7FA0B6C90>]}
[0m00:56:54.958297 [debug] [Thread-2 (]: Began running node model.atmosync.stg_commodity
[0m00:56:54.959497 [info ] [Thread-2 (]: 1 of 3 START sql view model RAW_DATA.stg_commodity ............................. [RUN]
[0m00:56:54.961253 [debug] [Thread-2 (]: Acquiring new snowflake connection 'model.atmosync.stg_commodity'
[0m00:56:54.962544 [debug] [Thread-2 (]: Began compiling node model.atmosync.stg_commodity
[0m00:56:54.979639 [debug] [Thread-2 (]: Writing injected SQL for node "model.atmosync.stg_commodity"
[0m00:56:54.984521 [debug] [Thread-2 (]: Began executing node model.atmosync.stg_commodity
[0m00:56:55.067672 [debug] [Thread-2 (]: Writing runtime sql for node "model.atmosync.stg_commodity"
[0m00:56:55.075523 [debug] [Thread-2 (]: Using snowflake connection "model.atmosync.stg_commodity"
[0m00:56:55.079351 [debug] [Thread-2 (]: On model.atmosync.stg_commodity: create or replace   view ATMOSYNC_DB.RAW_DATA.stg_commodity
  
  
  
  
  as (
    SELECT

commodity,

market,

price,

updated_time

FROM ATMOSYNC_DB.RAW_DATA.COMMODITY_PRICE
  )
/* {"app": "dbt", "dbt_version": "1.12.0", "profile_name": "atmosync", "target_name": "dev", "node_id": "model.atmosync.stg_commodity"} */;
[0m00:56:55.080422 [debug] [Thread-2 (]: Opening a new connection, currently in state init
[0m00:56:57.512465 [debug] [Thread-2 (]: Snowflake adapter: Snowflake query id: 01c5feae-3203-03e2-0017-a0120010806a
[0m00:56:57.514551 [debug] [Thread-2 (]: Snowflake adapter: Snowflake error: 002003 (42S02): SQL compilation error:
Object 'ATMOSYNC_DB.RAW_DATA.COMMODITY_PRICE' does not exist or not authorized.
[0m00:56:57.554072 [debug] [Thread-2 (]: Database Error in model stg_commodity (models\stg_commodity.sql)
  002003 (42S02): SQL compilation error:
  Object 'ATMOSYNC_DB.RAW_DATA.COMMODITY_PRICE' does not exist or not authorized.
  compiled code at target\run\atmosync\models\stg_commodity.sql
[0m00:56:57.558073 [debug] [Thread-2 (]: Sending event: {'category': 'dbt', 'action': 'run_model', 'label': '058819db-dc92-443a-a96b-e988be376a29', 'context': [<snowplow_tracker.self_describing_json.SelfDescribingJson object at 0x000002A7FB3CD5A0>]}
[0m00:56:57.559174 [error] [Thread-2 (]: 1 of 3 ERROR creating sql view model RAW_DATA.stg_commodity .................... [[31mERROR[0m in 2.59s]
[0m00:56:57.560812 [debug] [Thread-2 (]: Finished running node model.atmosync.stg_commodity
[0m00:56:57.561540 [debug] [Thread-2 (]: Began running node model.atmosync.stg_sensor_data
[0m00:56:57.563312 [debug] [Thread-5 (]: Marking all children of 'model.atmosync.stg_commodity' to be skipped because of status 'error'.  Reason: Database Error in model stg_commodity (models\stg_commodity.sql)
  002003 (42S02): SQL compilation error:
  Object 'ATMOSYNC_DB.RAW_DATA.COMMODITY_PRICE' does not exist or not authorized.
  compiled code at target\run\atmosync\models\stg_commodity.sql.
[0m00:56:57.562300 [info ] [Thread-2 (]: 2 of 3 START sql view model RAW_DATA.stg_sensor_data ........................... [RUN]
[0m00:56:57.565374 [debug] [Thread-2 (]: Re-using an available connection from the pool (formerly model.atmosync.stg_commodity, now model.atmosync.stg_sensor_data)
[0m00:56:57.566035 [debug] [Thread-2 (]: Began compiling node model.atmosync.stg_sensor_data
[0m00:56:57.570657 [debug] [Thread-2 (]: Writing injected SQL for node "model.atmosync.stg_sensor_data"
[0m00:56:57.572655 [debug] [Thread-2 (]: Began executing node model.atmosync.stg_sensor_data
[0m00:56:57.582601 [debug] [Thread-2 (]: Dropping relation "ATMOSYNC_DB"."RAW_DATA"."STG_SENSOR_DATA" because it is of type table
[0m00:56:57.594932 [debug] [Thread-2 (]: Applying DROP to: "ATMOSYNC_DB"."RAW_DATA"."STG_SENSOR_DATA"
[0m00:56:57.615848 [debug] [Thread-2 (]: Using snowflake connection "model.atmosync.stg_sensor_data"
[0m00:56:57.616586 [debug] [Thread-2 (]: On model.atmosync.stg_sensor_data: drop table if exists "ATMOSYNC_DB"."RAW_DATA"."STG_SENSOR_DATA" cascade
/* {"app": "dbt", "dbt_version": "1.12.0", "profile_name": "atmosync", "target_name": "dev", "node_id": "model.atmosync.stg_sensor_data"} */
[0m00:56:57.811195 [debug] [Thread-2 (]: SQL status: SUCCESS 1 in 0.194 seconds
[0m00:56:57.816363 [debug] [Thread-2 (]: Writing runtime sql for node "model.atmosync.stg_sensor_data"
[0m00:56:57.820844 [debug] [Thread-2 (]: Using snowflake connection "model.atmosync.stg_sensor_data"
[0m00:56:57.821898 [debug] [Thread-2 (]: On model.atmosync.stg_sensor_data: create or replace   view ATMOSYNC_DB.RAW_DATA.stg_sensor_data
  
  
  
  
  as (
    SELECT

container_id,

commodity,

location,

temperature,

humidity,

vibration,

battery_level,

sensor_status,

event_time

FROM ATMOSYNC_DB.RAW_DATA.CONTAINER_SENSOR_DATA
  )
/* {"app": "dbt", "dbt_version": "1.12.0", "profile_name": "atmosync", "target_name": "dev", "node_id": "model.atmosync.stg_sensor_data"} */;
[0m00:56:58.131053 [debug] [Thread-2 (]: SQL status: SUCCESS 1 in 0.308 seconds
[0m00:56:58.180516 [debug] [Thread-2 (]: Sending event: {'category': 'dbt', 'action': 'run_model', 'label': '058819db-dc92-443a-a96b-e988be376a29', 'context': [<snowplow_tracker.self_describing_json.SelfDescribingJson object at 0x000002A7EE1B2C10>]}
[0m00:56:58.181620 [info ] [Thread-2 (]: 2 of 3 OK created sql view model RAW_DATA.stg_sensor_data ...................... [[32mSUCCESS 1[0m in 0.62s]
[0m00:56:58.182987 [debug] [Thread-2 (]: Finished running node model.atmosync.stg_sensor_data
[0m00:56:58.184329 [debug] [Thread-2 (]: Began running node model.atmosync.fact_container_data
[0m00:56:58.185176 [info ] [Thread-2 (]: 3 of 3 SKIP relation RAW_DATA.fact_container_data .............................. [[33mSKIP[0m]
[0m00:56:58.187429 [debug] [Thread-2 (]: Finished running node model.atmosync.fact_container_data
[0m00:56:58.189809 [debug] [MainThread]: Connection 'master' was properly closed.
[0m00:56:58.190348 [debug] [MainThread]: Connection 'list_ATMOSYNC_DB' was left open.
[0m00:56:58.190811 [debug] [MainThread]: On list_ATMOSYNC_DB: Close
[0m00:56:58.453282 [debug] [MainThread]: Connection 'list_ATMOSYNC_DB_RAW_DATA' was left open.
[0m00:56:58.454375 [debug] [MainThread]: On list_ATMOSYNC_DB_RAW_DATA: Close
[0m00:56:58.772838 [debug] [MainThread]: Connection 'model.atmosync.stg_sensor_data' was left open.
[0m00:56:58.774116 [debug] [MainThread]: On model.atmosync.stg_sensor_data: Close
[0m00:56:59.022211 [info ] [MainThread]: 
[0m00:56:59.026018 [info ] [MainThread]: Finished running 3 view models in 0 hours 0 minutes and 6.92 seconds (6.92s).
[0m00:56:59.033091 [debug] [MainThread]: Command end result
[0m00:56:59.128029 [debug] [MainThread]: Wrote artifact WritableManifest to C:\AtmoSync\dbt\target\manifest.json
[0m00:56:59.134245 [debug] [MainThread]: Wrote artifact SemanticManifest to C:\AtmoSync\dbt\target\semantic_manifest.json
[0m00:56:59.140789 [debug] [MainThread]: Wrote artifact OsiDocument to C:\AtmoSync\dbt\target\osi_document.json
[0m00:56:59.154358 [debug] [MainThread]: Wrote artifact RunExecutionResult to C:\AtmoSync\dbt\target\run_results.json
[0m00:56:59.155115 [info ] [MainThread]: 
[0m00:56:59.155981 [info ] [MainThread]: [31mCompleted with 1 error, 0 partial successes, and 0 warnings:[0m
[0m00:56:59.156867 [info ] [MainThread]: 
[0m00:56:59.158023 [error] [MainThread]: [[31mERROR[0m]: in model stg_commodity (models\stg_commodity.sql)
[0m00:56:59.159032 [error] [MainThread]:   Database Error in model stg_commodity (models\stg_commodity.sql)
  002003 (42S02): SQL compilation error:
  Object 'ATMOSYNC_DB.RAW_DATA.COMMODITY_PRICE' does not exist or not authorized.
  compiled code at target\run\atmosync\models\stg_commodity.sql
[0m00:56:59.159926 [info ] [MainThread]: 
[0m00:56:59.160900 [info ] [MainThread]:   compiled code at target\compiled\atmosync\models\stg_commodity.sql
[0m00:56:59.162715 [info ] [MainThread]: 
[0m00:56:59.164182 [info ] [MainThread]: Done. PASS=1 WARN=0 ERROR=1 SKIP=1 NO-OP=0 REUSED=0 TOTAL=3
[0m00:56:59.165953 [debug] [MainThread]: Command `dbt run` failed at 00:56:59.165723 after 14.93 seconds
[0m00:56:59.166581 [debug] [MainThread]: Sending event: {'category': 'dbt', 'action': 'invocation', 'label': 'end', 'context': [<snowplow_tracker.self_describing_json.SelfDescribingJson object at 0x000002A7EBA772D0>, <snowplow_tracker.self_describing_json.SelfDescribingJson object at 0x000002A7F9FA97D0>, <snowplow_tracker.self_describing_json.SelfDescribingJson object at 0x000002A7EE172200>]}
[0m00:56:59.167149 [debug] [MainThread]: Flushing usage events
[0m00:57:01.564976 [debug] [MainThread]: An error was encountered while trying to flush usage events
[0m00:57:44.066087 [debug] [MainThread]: Sending event: {'category': 'dbt', 'action': 'invocation', 'label': 'start', 'context': [<snowplow_tracker.self_describing_json.SelfDescribingJson object at 0x000001984149D550>, <snowplow_tracker.self_describing_json.SelfDescribingJson object at 0x0000019843A67ED0>, <snowplow_tracker.self_describing_json.SelfDescribingJson object at 0x0000019843A67B10>]}


============================== 00:57:44.082268 | 2f562632-c82f-4d40-a188-9cae686590c5 ==============================
[0m00:57:44.082268 [info ] [MainThread]: Running with dbt=1.12.0
[0m00:57:44.085383 [debug] [MainThread]: running dbt with arguments {'static_parser': 'True', 'no_print': 'None', 'version_check': 'True', 'warn_error_options': 'WarnErrorOptionsV2(error=[], warn=[], silence=[])', 'target_path': 'None', 'maximum_seed_size_mib': '1', 'printer_width': '80', 'write_json': 'True', 'introspect': 'True', 'log_cache_events': 'False', 'empty': 'False', 'cache_selected_only': 'False', 'log_format': 'default', 'debug': 'False', 'fail_fast': 'False', 'partial_parse': 'True', 'send_anonymous_usage_stats': 'True', 'quiet': 'False', 'warn_error': 'None', 'profiles_dir': 'C:\\AtmoSync\\dbt', 'use_colors': 'True', 'hints_enabled': 'True', 'indirect_selection': 'eager', 'use_experimental_parser': 'False', 'invocation_command': 'dbt run', 'log_path': 'C:\\AtmoSync\\dbt\\logs'}
[0m00:57:46.091520 [debug] [MainThread]: Snowflake adapter: Setting snowflake.connector to ERROR (file logging only)
[0m00:57:46.092209 [debug] [MainThread]: Snowflake adapter: Setting botocore to ERROR (file logging only)
[0m00:57:46.092762 [debug] [MainThread]: Snowflake adapter: Setting boto3 to ERROR (file logging only)
[0m00:57:46.975027 [debug] [MainThread]: Sending event: {'category': 'dbt', 'action': 'project_id', 'label': '2f562632-c82f-4d40-a188-9cae686590c5', 'context': [<snowplow_tracker.self_describing_json.SelfDescribingJson object at 0x0000019841986780>]}
[0m00:57:47.105780 [debug] [MainThread]: Sending event: {'category': 'dbt', 'action': 'adapter_info', 'label': '2f562632-c82f-4d40-a188-9cae686590c5', 'context': [<snowplow_tracker.self_describing_json.SelfDescribingJson object at 0x000001984F12BF00>]}
[0m00:57:47.108230 [info ] [MainThread]: Registered adapter: snowflake=1.12.0
[0m00:57:48.287646 [debug] [MainThread]: checksum: 15948c77f26fc04b93f8c33c7d3d95880cdcb8b78a46bd5069b548daa14b9be5, vars: {}, profile: atmosync, target: dev, version: 1.12.0
[0m00:57:48.591981 [debug] [MainThread]: Partial parsing enabled: 0 files deleted, 0 files added, 0 files changed.
[0m00:57:48.592552 [debug] [MainThread]: Nothing changed, skipping partial parsing.
[0m00:57:48.592975 [debug] [MainThread]: Partial parsing enabled, no changes found, skipping parsing
[0m00:57:48.607887 [debug] [MainThread]: Sending event: {'category': 'dbt', 'action': 'load_project', 'label': '2f562632-c82f-4d40-a188-9cae686590c5', 'context': [<snowplow_tracker.self_describing_json.SelfDescribingJson object at 0x000001984F51B650>]}
[0m00:57:48.995613 [debug] [MainThread]: Wrote artifact WritableManifest to C:\AtmoSync\dbt\target\manifest.json
[0m00:57:49.005846 [debug] [MainThread]: Wrote artifact SemanticManifest to C:\AtmoSync\dbt\target\semantic_manifest.json
[0m00:57:49.090822 [debug] [MainThread]: Wrote artifact OsiDocument to C:\AtmoSync\dbt\target\osi_document.json
[0m00:57:49.113816 [debug] [MainThread]: Sending event: {'category': 'dbt', 'action': 'resource_counts', 'label': '2f562632-c82f-4d40-a188-9cae686590c5', 'context': [<snowplow_tracker.self_describing_json.SelfDescribingJson object at 0x000001984F57BE30>]}
[0m00:57:49.115082 [info ] [MainThread]: Found 3 models, 2 sources, 545 macros
[0m00:57:49.116238 [debug] [MainThread]: Sending event: {'category': 'dbt', 'action': 'runnable_timing', 'label': '2f562632-c82f-4d40-a188-9cae686590c5', 'context': [<snowplow_tracker.self_describing_json.SelfDescribingJson object at 0x000001984F6367B0>]}
[0m00:57:49.124741 [info ] [MainThread]: 
[0m00:57:49.125658 [info ] [MainThread]: Concurrency: 1 threads (target='dev')
[0m00:57:49.127184 [info ] [MainThread]: 
[0m00:57:49.128867 [debug] [MainThread]: Acquiring new snowflake connection 'master'
[0m00:57:49.146938 [debug] [ThreadPool]: Acquiring new snowflake connection 'list_ATMOSYNC_DB'
[0m00:57:49.187173 [debug] [ThreadPool]: Using snowflake connection "list_ATMOSYNC_DB"
[0m00:57:49.187806 [debug] [ThreadPool]: On list_ATMOSYNC_DB: show terse schemas in database ATMOSYNC_DB
    limit 10000
/* {"app": "dbt", "dbt_version": "1.12.0", "profile_name": "atmosync", "target_name": "dev", "connection_name": "list_ATMOSYNC_DB"} */
[0m00:57:49.188356 [debug] [ThreadPool]: Opening a new connection, currently in state init
[0m00:57:50.622223 [debug] [ThreadPool]: SQL status: SUCCESS 3 in 1.434 seconds
[0m00:57:50.626627 [debug] [ThreadPool]: Acquiring new snowflake connection 'list_ATMOSYNC_DB_RAW_DATA'
[0m00:57:50.646132 [debug] [ThreadPool]: Using snowflake connection "list_ATMOSYNC_DB_RAW_DATA"
[0m00:57:50.646736 [debug] [ThreadPool]: On list_ATMOSYNC_DB_RAW_DATA: show objects in ATMOSYNC_DB.RAW_DATA
    limit 10000
    

/* {"app": "dbt", "dbt_version": "1.12.0", "profile_name": "atmosync", "target_name": "dev", "connection_name": "list_ATMOSYNC_DB_RAW_DATA"} */;
[0m00:57:50.648024 [debug] [ThreadPool]: Opening a new connection, currently in state init
[0m00:57:53.215139 [debug] [ThreadPool]: SQL status: SUCCESS 2 in 2.567 seconds
[0m00:57:53.229856 [debug] [ThreadPool]: Using snowflake connection "list_ATMOSYNC_DB_RAW_DATA"
[0m00:57:53.230599 [debug] [ThreadPool]: On list_ATMOSYNC_DB_RAW_DATA: show user functions in ATMOSYNC_DB.RAW_DATA
/* {"app": "dbt", "dbt_version": "1.12.0", "profile_name": "atmosync", "target_name": "dev", "connection_name": "list_ATMOSYNC_DB_RAW_DATA"} */
[0m00:57:53.402081 [debug] [ThreadPool]: SQL status: SUCCESS 0 in 0.171 seconds
[0m00:57:53.407275 [debug] [MainThread]: Sending event: {'category': 'dbt', 'action': 'runnable_timing', 'label': '2f562632-c82f-4d40-a188-9cae686590c5', 'context': [<snowplow_tracker.self_describing_json.SelfDescribingJson object at 0x000001984F8A25B0>]}
[0m00:57:53.413766 [debug] [Thread-2 (]: Began running node model.atmosync.stg_commodity
[0m00:57:53.414640 [info ] [Thread-2 (]: 1 of 3 START sql view model RAW_DATA.stg_commodity ............................. [RUN]
[0m00:57:53.415871 [debug] [Thread-2 (]: Acquiring new snowflake connection 'model.atmosync.stg_commodity'
[0m00:57:53.417027 [debug] [Thread-2 (]: Began compiling node model.atmosync.stg_commodity
[0m00:57:53.427233 [debug] [Thread-2 (]: Writing injected SQL for node "model.atmosync.stg_commodity"
[0m00:57:53.429689 [debug] [Thread-2 (]: Began executing node model.atmosync.stg_commodity
[0m00:57:53.484971 [debug] [Thread-2 (]: Writing runtime sql for node "model.atmosync.stg_commodity"
[0m00:57:53.487569 [debug] [Thread-2 (]: Using snowflake connection "model.atmosync.stg_commodity"
[0m00:57:53.488237 [debug] [Thread-2 (]: On model.atmosync.stg_commodity: create or replace   view ATMOSYNC_DB.RAW_DATA.stg_commodity
  
  
  
  
  as (
    SELECT

commodity,

market,

price,

updated_time

FROM ATMOSYNC_DB.RAW_DATA.COMMODITY_PRICE
  )
/* {"app": "dbt", "dbt_version": "1.12.0", "profile_name": "atmosync", "target_name": "dev", "node_id": "model.atmosync.stg_commodity"} */;
[0m00:57:53.488805 [debug] [Thread-2 (]: Opening a new connection, currently in state init
[0m00:57:54.463557 [debug] [Thread-2 (]: Snowflake adapter: Snowflake query id: 01c5feaf-3203-03e2-0017-a01200108082
[0m00:57:54.465871 [debug] [Thread-2 (]: Snowflake adapter: Snowflake error: 002003 (42S02): SQL compilation error:
Object 'ATMOSYNC_DB.RAW_DATA.COMMODITY_PRICE' does not exist or not authorized.
[0m00:57:54.492908 [debug] [Thread-2 (]: Database Error in model stg_commodity (models\stg_commodity.sql)
  002003 (42S02): SQL compilation error:
  Object 'ATMOSYNC_DB.RAW_DATA.COMMODITY_PRICE' does not exist or not authorized.
  compiled code at target\run\atmosync\models\stg_commodity.sql
[0m00:57:54.497166 [debug] [Thread-2 (]: Sending event: {'category': 'dbt', 'action': 'run_model', 'label': '2f562632-c82f-4d40-a188-9cae686590c5', 'context': [<snowplow_tracker.self_describing_json.SelfDescribingJson object at 0x000001984F8D8DD0>]}
[0m00:57:54.498486 [error] [Thread-2 (]: 1 of 3 ERROR creating sql view model RAW_DATA.stg_commodity .................... [[31mERROR[0m in 1.08s]
[0m00:57:54.501431 [debug] [Thread-2 (]: Finished running node model.atmosync.stg_commodity
[0m00:57:54.502622 [debug] [Thread-2 (]: Began running node model.atmosync.stg_sensor_data
[0m00:57:54.503746 [debug] [Thread-5 (]: Marking all children of 'model.atmosync.stg_commodity' to be skipped because of status 'error'.  Reason: Database Error in model stg_commodity (models\stg_commodity.sql)
  002003 (42S02): SQL compilation error:
  Object 'ATMOSYNC_DB.RAW_DATA.COMMODITY_PRICE' does not exist or not authorized.
  compiled code at target\run\atmosync\models\stg_commodity.sql.
[0m00:57:54.504763 [info ] [Thread-2 (]: 2 of 3 START sql view model RAW_DATA.stg_sensor_data ........................... [RUN]
[0m00:57:54.507842 [debug] [Thread-2 (]: Re-using an available connection from the pool (formerly model.atmosync.stg_commodity, now model.atmosync.stg_sensor_data)
[0m00:57:54.508691 [debug] [Thread-2 (]: Began compiling node model.atmosync.stg_sensor_data
[0m00:57:54.512238 [debug] [Thread-2 (]: Writing injected SQL for node "model.atmosync.stg_sensor_data"
[0m00:57:54.514345 [debug] [Thread-2 (]: Began executing node model.atmosync.stg_sensor_data
[0m00:57:54.519104 [debug] [Thread-2 (]: Writing runtime sql for node "model.atmosync.stg_sensor_data"
[0m00:57:54.521867 [debug] [Thread-2 (]: Using snowflake connection "model.atmosync.stg_sensor_data"
[0m00:57:54.523708 [debug] [Thread-2 (]: On model.atmosync.stg_sensor_data: create or replace   view ATMOSYNC_DB.RAW_DATA.stg_sensor_data
  
  
  
  
  as (
    SELECT

container_id,

commodity,

location,

temperature,

humidity,

vibration,

battery_level,

sensor_status,

event_time

FROM ATMOSYNC_DB.RAW_DATA.CONTAINER_SENSOR_DATA
  )
/* {"app": "dbt", "dbt_version": "1.12.0", "profile_name": "atmosync", "target_name": "dev", "node_id": "model.atmosync.stg_sensor_data"} */;
[0m00:57:54.837529 [debug] [Thread-2 (]: SQL status: SUCCESS 1 in 0.312 seconds
[0m00:57:54.931431 [debug] [Thread-2 (]: Sending event: {'category': 'dbt', 'action': 'run_model', 'label': '2f562632-c82f-4d40-a188-9cae686590c5', 'context': [<snowplow_tracker.self_describing_json.SelfDescribingJson object at 0x00000198509F2DB0>]}
[0m00:57:54.932470 [info ] [Thread-2 (]: 2 of 3 OK created sql view model RAW_DATA.stg_sensor_data ...................... [[32mSUCCESS 1[0m in 0.42s]
[0m00:57:54.934577 [debug] [Thread-2 (]: Finished running node model.atmosync.stg_sensor_data
[0m00:57:54.935982 [debug] [Thread-2 (]: Began running node model.atmosync.fact_container_data
[0m00:57:54.936775 [info ] [Thread-2 (]: 3 of 3 SKIP relation RAW_DATA.fact_container_data .............................. [[33mSKIP[0m]
[0m00:57:54.937872 [debug] [Thread-2 (]: Finished running node model.atmosync.fact_container_data
[0m00:57:54.939926 [debug] [MainThread]: Connection 'master' was properly closed.
[0m00:57:54.940468 [debug] [MainThread]: Connection 'list_ATMOSYNC_DB' was left open.
[0m00:57:54.940931 [debug] [MainThread]: On list_ATMOSYNC_DB: Close
[0m00:57:55.254438 [debug] [MainThread]: Connection 'list_ATMOSYNC_DB_RAW_DATA' was left open.
[0m00:57:55.256151 [debug] [MainThread]: On list_ATMOSYNC_DB_RAW_DATA: Close
[0m00:57:55.519379 [debug] [MainThread]: Connection 'model.atmosync.stg_sensor_data' was left open.
[0m00:57:55.521539 [debug] [MainThread]: On model.atmosync.stg_sensor_data: Close
[0m00:57:55.893603 [info ] [MainThread]: 
[0m00:57:55.896084 [info ] [MainThread]: Finished running 3 view models in 0 hours 0 minutes and 6.77 seconds (6.77s).
[0m00:57:55.900820 [debug] [MainThread]: Command end result
[0m00:57:56.048715 [debug] [MainThread]: Wrote artifact WritableManifest to C:\AtmoSync\dbt\target\manifest.json
[0m00:57:56.057536 [debug] [MainThread]: Wrote artifact SemanticManifest to C:\AtmoSync\dbt\target\semantic_manifest.json
[0m00:57:56.066502 [debug] [MainThread]: Wrote artifact OsiDocument to C:\AtmoSync\dbt\target\osi_document.json
[0m00:57:56.079745 [debug] [MainThread]: Wrote artifact RunExecutionResult to C:\AtmoSync\dbt\target\run_results.json
[0m00:57:56.080485 [info ] [MainThread]: 
[0m00:57:56.081718 [info ] [MainThread]: [31mCompleted with 1 error, 0 partial successes, and 0 warnings:[0m
[0m00:57:56.082689 [info ] [MainThread]: 
[0m00:57:56.084134 [error] [MainThread]: [[31mERROR[0m]: in model stg_commodity (models\stg_commodity.sql)
[0m00:57:56.085290 [error] [MainThread]:   Database Error in model stg_commodity (models\stg_commodity.sql)
  002003 (42S02): SQL compilation error:
  Object 'ATMOSYNC_DB.RAW_DATA.COMMODITY_PRICE' does not exist or not authorized.
  compiled code at target\run\atmosync\models\stg_commodity.sql
[0m00:57:56.086117 [info ] [MainThread]: 
[0m00:57:56.088219 [info ] [MainThread]:   compiled code at target\compiled\atmosync\models\stg_commodity.sql
[0m00:57:56.089982 [info ] [MainThread]: 
[0m00:57:56.091586 [info ] [MainThread]: Done. PASS=1 WARN=0 ERROR=1 SKIP=1 NO-OP=0 REUSED=0 TOTAL=3
[0m00:57:56.096190 [debug] [MainThread]: Command `dbt run` failed at 00:57:56.095932 after 12.40 seconds
[0m00:57:56.096899 [debug] [MainThread]: Sending event: {'category': 'dbt', 'action': 'invocation', 'label': 'end', 'context': [<snowplow_tracker.self_describing_json.SelfDescribingJson object at 0x000001984F907930>, <snowplow_tracker.self_describing_json.SelfDescribingJson object at 0x0000019850A6F920>, <snowplow_tracker.self_describing_json.SelfDescribingJson object at 0x0000019843A9C7D0>]}
[0m00:57:56.097992 [debug] [MainThread]: Flushing usage events
[0m00:57:58.613400 [debug] [MainThread]: An error was encountered while trying to flush usage events
[0m01:02:17.300236 [debug] [MainThread]: Sending event: {'category': 'dbt', 'action': 'invocation', 'label': 'start', 'context': [<snowplow_tracker.self_describing_json.SelfDescribingJson object at 0x00000233E23C1550>, <snowplow_tracker.self_describing_json.SelfDescribingJson object at 0x00000233E498FED0>, <snowplow_tracker.self_describing_json.SelfDescribingJson object at 0x00000233E498FB10>]}


============================== 01:02:17.307774 | 7d35ef01-ba1c-4d78-a3bf-6c95bd04ecb9 ==============================
[0m01:02:17.307774 [info ] [MainThread]: Running with dbt=1.12.0
[0m01:02:17.308969 [debug] [MainThread]: running dbt with arguments {'maximum_seed_size_mib': '1', 'no_print': 'None', 'version_check': 'True', 'target_path': 'None', 'warn_error_options': 'WarnErrorOptionsV2(error=[], warn=[], silence=[])', 'static_parser': 'True', 'printer_width': '80', 'write_json': 'True', 'empty': 'False', 'log_cache_events': 'False', 'introspect': 'True', 'cache_selected_only': 'False', 'log_format': 'default', 'debug': 'False', 'fail_fast': 'False', 'profiles_dir': 'C:\\AtmoSync\\dbt', 'send_anonymous_usage_stats': 'True', 'quiet': 'False', 'warn_error': 'None', 'partial_parse': 'True', 'indirect_selection': 'eager', 'hints_enabled': 'True', 'use_colors': 'True', 'use_experimental_parser': 'False', 'invocation_command': 'dbt run', 'log_path': 'C:\\AtmoSync\\dbt\\logs'}
[0m01:02:18.995763 [debug] [MainThread]: Snowflake adapter: Setting snowflake.connector to ERROR (file logging only)
[0m01:02:18.996459 [debug] [MainThread]: Snowflake adapter: Setting botocore to ERROR (file logging only)
[0m01:02:18.997007 [debug] [MainThread]: Snowflake adapter: Setting boto3 to ERROR (file logging only)
[0m01:02:19.482098 [debug] [MainThread]: Sending event: {'category': 'dbt', 'action': 'project_id', 'label': '7d35ef01-ba1c-4d78-a3bf-6c95bd04ecb9', 'context': [<snowplow_tracker.self_describing_json.SelfDescribingJson object at 0x00000233E28A2780>]}
[0m01:02:19.592605 [debug] [MainThread]: Sending event: {'category': 'dbt', 'action': 'adapter_info', 'label': '7d35ef01-ba1c-4d78-a3bf-6c95bd04ecb9', 'context': [<snowplow_tracker.self_describing_json.SelfDescribingJson object at 0x00000233F008FF00>]}
[0m01:02:19.594856 [info ] [MainThread]: Registered adapter: snowflake=1.12.0
[0m01:02:20.363277 [debug] [MainThread]: checksum: 15948c77f26fc04b93f8c33c7d3d95880cdcb8b78a46bd5069b548daa14b9be5, vars: {}, profile: atmosync, target: dev, version: 1.12.0
[0m01:02:20.604581 [debug] [MainThread]: Partial parsing enabled: 0 files deleted, 0 files added, 0 files changed.
[0m01:02:20.605232 [debug] [MainThread]: Nothing changed, skipping partial parsing.
[0m01:02:20.605686 [debug] [MainThread]: Partial parsing enabled, no changes found, skipping parsing
[0m01:02:20.620392 [debug] [MainThread]: Sending event: {'category': 'dbt', 'action': 'load_project', 'label': '7d35ef01-ba1c-4d78-a3bf-6c95bd04ecb9', 'context': [<snowplow_tracker.self_describing_json.SelfDescribingJson object at 0x00000233F0477650>]}
[0m01:02:20.819382 [debug] [MainThread]: Wrote artifact WritableManifest to C:\AtmoSync\dbt\target\manifest.json
[0m01:02:20.827887 [debug] [MainThread]: Wrote artifact SemanticManifest to C:\AtmoSync\dbt\target\semantic_manifest.json
[0m01:02:20.889703 [debug] [MainThread]: Wrote artifact OsiDocument to C:\AtmoSync\dbt\target\osi_document.json
[0m01:02:20.911574 [debug] [MainThread]: Sending event: {'category': 'dbt', 'action': 'resource_counts', 'label': '7d35ef01-ba1c-4d78-a3bf-6c95bd04ecb9', 'context': [<snowplow_tracker.self_describing_json.SelfDescribingJson object at 0x00000233F04D7E30>]}
[0m01:02:20.912782 [info ] [MainThread]: Found 3 models, 2 sources, 545 macros
[0m01:02:20.914159 [debug] [MainThread]: Sending event: {'category': 'dbt', 'action': 'runnable_timing', 'label': '7d35ef01-ba1c-4d78-a3bf-6c95bd04ecb9', 'context': [<snowplow_tracker.self_describing_json.SelfDescribingJson object at 0x00000233F05767B0>]}
[0m01:02:20.917276 [info ] [MainThread]: 
[0m01:02:20.918146 [info ] [MainThread]: Concurrency: 1 threads (target='dev')
[0m01:02:20.919244 [info ] [MainThread]: 
[0m01:02:20.921144 [debug] [MainThread]: Acquiring new snowflake connection 'master'
[0m01:02:20.931765 [debug] [ThreadPool]: Acquiring new snowflake connection 'list_ATMOSYNC_DB'
[0m01:02:20.962578 [debug] [ThreadPool]: Using snowflake connection "list_ATMOSYNC_DB"
[0m01:02:20.963476 [debug] [ThreadPool]: On list_ATMOSYNC_DB: show terse schemas in database ATMOSYNC_DB
    limit 10000
/* {"app": "dbt", "dbt_version": "1.12.0", "profile_name": "atmosync", "target_name": "dev", "connection_name": "list_ATMOSYNC_DB"} */
[0m01:02:20.964095 [debug] [ThreadPool]: Opening a new connection, currently in state init
[0m01:02:22.529639 [debug] [ThreadPool]: SQL status: SUCCESS 3 in 1.565 seconds
[0m01:02:22.546848 [debug] [ThreadPool]: Acquiring new snowflake connection 'list_ATMOSYNC_DB_RAW_DATA'
[0m01:02:22.572822 [debug] [ThreadPool]: Using snowflake connection "list_ATMOSYNC_DB_RAW_DATA"
[0m01:02:22.573415 [debug] [ThreadPool]: On list_ATMOSYNC_DB_RAW_DATA: show objects in ATMOSYNC_DB.RAW_DATA
    limit 10000
    

/* {"app": "dbt", "dbt_version": "1.12.0", "profile_name": "atmosync", "target_name": "dev", "connection_name": "list_ATMOSYNC_DB_RAW_DATA"} */;
[0m01:02:22.573871 [debug] [ThreadPool]: Opening a new connection, currently in state init
[0m01:02:24.052523 [debug] [ThreadPool]: SQL status: SUCCESS 2 in 1.478 seconds
[0m01:02:24.073457 [debug] [ThreadPool]: Using snowflake connection "list_ATMOSYNC_DB_RAW_DATA"
[0m01:02:24.074506 [debug] [ThreadPool]: On list_ATMOSYNC_DB_RAW_DATA: show user functions in ATMOSYNC_DB.RAW_DATA
/* {"app": "dbt", "dbt_version": "1.12.0", "profile_name": "atmosync", "target_name": "dev", "connection_name": "list_ATMOSYNC_DB_RAW_DATA"} */
[0m01:02:24.292898 [debug] [ThreadPool]: SQL status: SUCCESS 0 in 0.217 seconds
[0m01:02:24.296884 [debug] [MainThread]: Sending event: {'category': 'dbt', 'action': 'runnable_timing', 'label': '7d35ef01-ba1c-4d78-a3bf-6c95bd04ecb9', 'context': [<snowplow_tracker.self_describing_json.SelfDescribingJson object at 0x00000233F07FE5B0>]}
[0m01:02:24.303254 [debug] [Thread-2 (]: Began running node model.atmosync.stg_commodity
[0m01:02:24.304115 [info ] [Thread-2 (]: 1 of 3 START sql view model RAW_DATA.stg_commodity ............................. [RUN]
[0m01:02:24.305433 [debug] [Thread-2 (]: Acquiring new snowflake connection 'model.atmosync.stg_commodity'
[0m01:02:24.306044 [debug] [Thread-2 (]: Began compiling node model.atmosync.stg_commodity
[0m01:02:24.318582 [debug] [Thread-2 (]: Writing injected SQL for node "model.atmosync.stg_commodity"
[0m01:02:24.323450 [debug] [Thread-2 (]: Began executing node model.atmosync.stg_commodity
[0m01:02:24.372494 [debug] [Thread-2 (]: Writing runtime sql for node "model.atmosync.stg_commodity"
[0m01:02:24.375350 [debug] [Thread-2 (]: Using snowflake connection "model.atmosync.stg_commodity"
[0m01:02:24.376598 [debug] [Thread-2 (]: On model.atmosync.stg_commodity: create or replace   view ATMOSYNC_DB.RAW_DATA.stg_commodity
  
  
  
  
  as (
    SELECT

commodity,

market,

price,

updated_time

FROM ATMOSYNC_DB.RAW_DATA.COMMODITY_PRICE
  )
/* {"app": "dbt", "dbt_version": "1.12.0", "profile_name": "atmosync", "target_name": "dev", "node_id": "model.atmosync.stg_commodity"} */;
[0m01:02:24.377772 [debug] [Thread-2 (]: Opening a new connection, currently in state init
[0m01:02:25.255896 [debug] [Thread-2 (]: Snowflake adapter: Snowflake query id: 01c5feb4-3203-03e2-0017-a01200108096
[0m01:02:25.257186 [debug] [Thread-2 (]: Snowflake adapter: Snowflake error: 002003 (42S02): SQL compilation error:
Object 'ATMOSYNC_DB.RAW_DATA.COMMODITY_PRICE' does not exist or not authorized.
[0m01:02:25.277792 [debug] [Thread-2 (]: Database Error in model stg_commodity (models\stg_commodity.sql)
  002003 (42S02): SQL compilation error:
  Object 'ATMOSYNC_DB.RAW_DATA.COMMODITY_PRICE' does not exist or not authorized.
  compiled code at target\run\atmosync\models\stg_commodity.sql
[0m01:02:25.281296 [debug] [Thread-2 (]: Sending event: {'category': 'dbt', 'action': 'run_model', 'label': '7d35ef01-ba1c-4d78-a3bf-6c95bd04ecb9', 'context': [<snowplow_tracker.self_describing_json.SelfDescribingJson object at 0x00000233F0838DD0>]}
[0m01:02:25.282500 [error] [Thread-2 (]: 1 of 3 ERROR creating sql view model RAW_DATA.stg_commodity .................... [[31mERROR[0m in 0.97s]
[0m01:02:25.283979 [debug] [Thread-2 (]: Finished running node model.atmosync.stg_commodity
[0m01:02:25.284826 [debug] [Thread-2 (]: Began running node model.atmosync.stg_sensor_data
[0m01:02:25.286024 [debug] [Thread-5 (]: Marking all children of 'model.atmosync.stg_commodity' to be skipped because of status 'error'.  Reason: Database Error in model stg_commodity (models\stg_commodity.sql)
  002003 (42S02): SQL compilation error:
  Object 'ATMOSYNC_DB.RAW_DATA.COMMODITY_PRICE' does not exist or not authorized.
  compiled code at target\run\atmosync\models\stg_commodity.sql.
[0m01:02:25.287239 [info ] [Thread-2 (]: 2 of 3 START sql view model RAW_DATA.stg_sensor_data ........................... [RUN]
[0m01:02:25.290115 [debug] [Thread-2 (]: Re-using an available connection from the pool (formerly model.atmosync.stg_commodity, now model.atmosync.stg_sensor_data)
[0m01:02:25.291625 [debug] [Thread-2 (]: Began compiling node model.atmosync.stg_sensor_data
[0m01:02:25.297722 [debug] [Thread-2 (]: Writing injected SQL for node "model.atmosync.stg_sensor_data"
[0m01:02:25.300004 [debug] [Thread-2 (]: Began executing node model.atmosync.stg_sensor_data
[0m01:02:25.306086 [debug] [Thread-2 (]: Writing runtime sql for node "model.atmosync.stg_sensor_data"
[0m01:02:25.309161 [debug] [Thread-2 (]: Using snowflake connection "model.atmosync.stg_sensor_data"
[0m01:02:25.310440 [debug] [Thread-2 (]: On model.atmosync.stg_sensor_data: create or replace   view ATMOSYNC_DB.RAW_DATA.stg_sensor_data
  
  
  
  
  as (
    SELECT

container_id,

commodity,

location,

temperature,

humidity,

vibration,

battery_level,

sensor_status,

event_time

FROM ATMOSYNC_DB.RAW_DATA.CONTAINER_SENSOR_DATA
  )
/* {"app": "dbt", "dbt_version": "1.12.0", "profile_name": "atmosync", "target_name": "dev", "node_id": "model.atmosync.stg_sensor_data"} */;
[0m01:02:25.692538 [debug] [Thread-2 (]: SQL status: SUCCESS 1 in 0.381 seconds
[0m01:02:25.744311 [debug] [Thread-2 (]: Sending event: {'category': 'dbt', 'action': 'run_model', 'label': '7d35ef01-ba1c-4d78-a3bf-6c95bd04ecb9', 'context': [<snowplow_tracker.self_describing_json.SelfDescribingJson object at 0x00000233F1956DB0>]}
[0m01:02:25.745394 [info ] [Thread-2 (]: 2 of 3 OK created sql view model RAW_DATA.stg_sensor_data ...................... [[32mSUCCESS 1[0m in 0.45s]
[0m01:02:25.746819 [debug] [Thread-2 (]: Finished running node model.atmosync.stg_sensor_data
[0m01:02:25.748029 [debug] [Thread-2 (]: Began running node model.atmosync.fact_container_data
[0m01:02:25.748697 [info ] [Thread-2 (]: 3 of 3 SKIP relation RAW_DATA.fact_container_data .............................. [[33mSKIP[0m]
[0m01:02:25.749765 [debug] [Thread-2 (]: Finished running node model.atmosync.fact_container_data
[0m01:02:25.751654 [debug] [MainThread]: Connection 'master' was properly closed.
[0m01:02:25.752165 [debug] [MainThread]: Connection 'list_ATMOSYNC_DB' was left open.
[0m01:02:25.752636 [debug] [MainThread]: On list_ATMOSYNC_DB: Close
[0m01:02:26.133371 [debug] [MainThread]: Connection 'list_ATMOSYNC_DB_RAW_DATA' was left open.
[0m01:02:26.133983 [debug] [MainThread]: On list_ATMOSYNC_DB_RAW_DATA: Close
[0m01:02:26.453125 [debug] [MainThread]: Connection 'model.atmosync.stg_sensor_data' was left open.
[0m01:02:26.453766 [debug] [MainThread]: On model.atmosync.stg_sensor_data: Close
[0m01:02:26.753808 [info ] [MainThread]: 
[0m01:02:26.756160 [info ] [MainThread]: Finished running 3 view models in 0 hours 0 minutes and 5.83 seconds (5.83s).
[0m01:02:26.760961 [debug] [MainThread]: Command end result
[0m01:02:26.836471 [debug] [MainThread]: Wrote artifact WritableManifest to C:\AtmoSync\dbt\target\manifest.json
[0m01:02:26.842643 [debug] [MainThread]: Wrote artifact SemanticManifest to C:\AtmoSync\dbt\target\semantic_manifest.json
[0m01:02:26.848785 [debug] [MainThread]: Wrote artifact OsiDocument to C:\AtmoSync\dbt\target\osi_document.json
[0m01:02:26.860509 [debug] [MainThread]: Wrote artifact RunExecutionResult to C:\AtmoSync\dbt\target\run_results.json
[0m01:02:26.861323 [info ] [MainThread]: 
[0m01:02:26.862282 [info ] [MainThread]: [31mCompleted with 1 error, 0 partial successes, and 0 warnings:[0m
[0m01:02:26.863288 [info ] [MainThread]: 
[0m01:02:26.864577 [error] [MainThread]: [[31mERROR[0m]: in model stg_commodity (models\stg_commodity.sql)
[0m01:02:26.865672 [error] [MainThread]:   Database Error in model stg_commodity (models\stg_commodity.sql)
  002003 (42S02): SQL compilation error:
  Object 'ATMOSYNC_DB.RAW_DATA.COMMODITY_PRICE' does not exist or not authorized.
  compiled code at target\run\atmosync\models\stg_commodity.sql
[0m01:02:26.866499 [info ] [MainThread]: 
[0m01:02:26.867686 [info ] [MainThread]:   compiled code at target\compiled\atmosync\models\stg_commodity.sql
[0m01:02:26.869145 [info ] [MainThread]: 
[0m01:02:26.870922 [info ] [MainThread]: Done. PASS=1 WARN=0 ERROR=1 SKIP=1 NO-OP=0 REUSED=0 TOTAL=3
[0m01:02:26.876516 [debug] [MainThread]: Command `dbt run` failed at 01:02:26.876153 after 9.87 seconds
[0m01:02:26.877903 [debug] [MainThread]: Sending event: {'category': 'dbt', 'action': 'invocation', 'label': 'end', 'context': [<snowplow_tracker.self_describing_json.SelfDescribingJson object at 0x00000233F0847890>, <snowplow_tracker.self_describing_json.SelfDescribingJson object at 0x00000233F19BF920>, <snowplow_tracker.self_describing_json.SelfDescribingJson object at 0x00000233E49C07D0>]}
[0m01:02:26.878945 [debug] [MainThread]: Flushing usage events
[0m01:02:29.329283 [debug] [MainThread]: An error was encountered while trying to flush usage events
[0m01:07:51.710357 [debug] [MainThread]: Sending event: {'category': 'dbt', 'action': 'invocation', 'label': 'start', 'context': [<snowplow_tracker.self_describing_json.SelfDescribingJson object at 0x000001F8C458D550>, <snowplow_tracker.self_describing_json.SelfDescribingJson object at 0x000001F8C6B5FED0>, <snowplow_tracker.self_describing_json.SelfDescribingJson object at 0x000001F8C6B5FB10>]}


============================== 01:07:51.717670 | ecd8e46a-ac23-4d8d-a02c-7a984fcbfcbe ==============================
[0m01:07:51.717670 [info ] [MainThread]: Running with dbt=1.12.0
[0m01:07:51.718981 [debug] [MainThread]: running dbt with arguments {'maximum_seed_size_mib': '1', 'no_print': 'None', 'version_check': 'True', 'warn_error_options': 'WarnErrorOptionsV2(error=[], warn=[], silence=[])', 'static_parser': 'True', 'target_path': 'None', 'printer_width': '80', 'write_json': 'True', 'empty': 'False', 'log_cache_events': 'False', 'introspect': 'True', 'cache_selected_only': 'False', 'fail_fast': 'False', 'debug': 'False', 'log_format': 'default', 'partial_parse': 'True', 'send_anonymous_usage_stats': 'True', 'quiet': 'False', 'warn_error': 'None', 'profiles_dir': 'C:\\AtmoSync\\dbt', 'indirect_selection': 'eager', 'hints_enabled': 'True', 'invocation_command': 'dbt run', 'use_experimental_parser': 'False', 'use_colors': 'True', 'log_path': 'C:\\AtmoSync\\dbt\\logs'}
[0m01:07:53.286314 [debug] [MainThread]: Snowflake adapter: Setting snowflake.connector to ERROR (file logging only)
[0m01:07:53.287131 [debug] [MainThread]: Snowflake adapter: Setting botocore to ERROR (file logging only)
[0m01:07:53.287660 [debug] [MainThread]: Snowflake adapter: Setting boto3 to ERROR (file logging only)
[0m01:07:53.758970 [debug] [MainThread]: Sending event: {'category': 'dbt', 'action': 'project_id', 'label': 'ecd8e46a-ac23-4d8d-a02c-7a984fcbfcbe', 'context': [<snowplow_tracker.self_describing_json.SelfDescribingJson object at 0x000001F8C4A76780>]}
[0m01:07:53.869059 [debug] [MainThread]: Sending event: {'category': 'dbt', 'action': 'adapter_info', 'label': 'ecd8e46a-ac23-4d8d-a02c-7a984fcbfcbe', 'context': [<snowplow_tracker.self_describing_json.SelfDescribingJson object at 0x000001F8D2263F00>]}
[0m01:07:53.871408 [info ] [MainThread]: Registered adapter: snowflake=1.12.0
[0m01:07:54.650806 [debug] [MainThread]: checksum: 15948c77f26fc04b93f8c33c7d3d95880cdcb8b78a46bd5069b548daa14b9be5, vars: {}, profile: atmosync, target: dev, version: 1.12.0
[0m01:07:54.896428 [debug] [MainThread]: Partial parsing enabled: 0 files deleted, 0 files added, 0 files changed.
[0m01:07:54.897016 [debug] [MainThread]: Nothing changed, skipping partial parsing.
[0m01:07:54.897444 [debug] [MainThread]: Partial parsing enabled, no changes found, skipping parsing
[0m01:07:54.912227 [debug] [MainThread]: Sending event: {'category': 'dbt', 'action': 'load_project', 'label': 'ecd8e46a-ac23-4d8d-a02c-7a984fcbfcbe', 'context': [<snowplow_tracker.self_describing_json.SelfDescribingJson object at 0x000001F8D265B650>]}
[0m01:07:55.103739 [debug] [MainThread]: Wrote artifact WritableManifest to C:\AtmoSync\dbt\target\manifest.json
[0m01:07:55.109769 [debug] [MainThread]: Wrote artifact SemanticManifest to C:\AtmoSync\dbt\target\semantic_manifest.json
[0m01:07:55.165806 [debug] [MainThread]: Wrote artifact OsiDocument to C:\AtmoSync\dbt\target\osi_document.json
[0m01:07:55.188810 [debug] [MainThread]: Sending event: {'category': 'dbt', 'action': 'resource_counts', 'label': 'ecd8e46a-ac23-4d8d-a02c-7a984fcbfcbe', 'context': [<snowplow_tracker.self_describing_json.SelfDescribingJson object at 0x000001F8D26C3E30>]}
[0m01:07:55.190072 [info ] [MainThread]: Found 3 models, 2 sources, 545 macros
[0m01:07:55.191402 [debug] [MainThread]: Sending event: {'category': 'dbt', 'action': 'runnable_timing', 'label': 'ecd8e46a-ac23-4d8d-a02c-7a984fcbfcbe', 'context': [<snowplow_tracker.self_describing_json.SelfDescribingJson object at 0x000001F8D27527B0>]}
[0m01:07:55.195528 [info ] [MainThread]: 
[0m01:07:55.196437 [info ] [MainThread]: Concurrency: 1 threads (target='dev')
[0m01:07:55.197830 [info ] [MainThread]: 
[0m01:07:55.199669 [debug] [MainThread]: Acquiring new snowflake connection 'master'
[0m01:07:55.209212 [debug] [ThreadPool]: Acquiring new snowflake connection 'list_ATMOSYNC_DB'
[0m01:07:55.235542 [debug] [ThreadPool]: Using snowflake connection "list_ATMOSYNC_DB"
[0m01:07:55.236129 [debug] [ThreadPool]: On list_ATMOSYNC_DB: show terse schemas in database ATMOSYNC_DB
    limit 10000
/* {"app": "dbt", "dbt_version": "1.12.0", "profile_name": "atmosync", "target_name": "dev", "connection_name": "list_ATMOSYNC_DB"} */
[0m01:07:55.236684 [debug] [ThreadPool]: Opening a new connection, currently in state init
[0m01:07:56.574952 [debug] [ThreadPool]: SQL status: SUCCESS 3 in 1.338 seconds
[0m01:07:56.580046 [debug] [ThreadPool]: Acquiring new snowflake connection 'list_ATMOSYNC_DB_RAW_DATA'
[0m01:07:56.600226 [debug] [ThreadPool]: Using snowflake connection "list_ATMOSYNC_DB_RAW_DATA"
[0m01:07:56.600992 [debug] [ThreadPool]: On list_ATMOSYNC_DB_RAW_DATA: show objects in ATMOSYNC_DB.RAW_DATA
    limit 10000
    

/* {"app": "dbt", "dbt_version": "1.12.0", "profile_name": "atmosync", "target_name": "dev", "connection_name": "list_ATMOSYNC_DB_RAW_DATA"} */;
[0m01:07:56.601488 [debug] [ThreadPool]: Opening a new connection, currently in state init
[0m01:07:57.524707 [debug] [ThreadPool]: SQL status: SUCCESS 2 in 0.923 seconds
[0m01:07:57.537340 [debug] [ThreadPool]: Using snowflake connection "list_ATMOSYNC_DB_RAW_DATA"
[0m01:07:57.538202 [debug] [ThreadPool]: On list_ATMOSYNC_DB_RAW_DATA: show user functions in ATMOSYNC_DB.RAW_DATA
/* {"app": "dbt", "dbt_version": "1.12.0", "profile_name": "atmosync", "target_name": "dev", "connection_name": "list_ATMOSYNC_DB_RAW_DATA"} */
[0m01:07:57.685653 [debug] [ThreadPool]: SQL status: SUCCESS 0 in 0.147 seconds
[0m01:07:57.695207 [debug] [MainThread]: Sending event: {'category': 'dbt', 'action': 'runnable_timing', 'label': 'ecd8e46a-ac23-4d8d-a02c-7a984fcbfcbe', 'context': [<snowplow_tracker.self_describing_json.SelfDescribingJson object at 0x000001F8D29DE5B0>]}
[0m01:07:57.710958 [debug] [Thread-2 (]: Began running node model.atmosync.stg_commodity
[0m01:07:57.713224 [info ] [Thread-2 (]: 1 of 3 START sql view model RAW_DATA.stg_commodity ............................. [RUN]
[0m01:07:57.716425 [debug] [Thread-2 (]: Acquiring new snowflake connection 'model.atmosync.stg_commodity'
[0m01:07:57.717913 [debug] [Thread-2 (]: Began compiling node model.atmosync.stg_commodity
[0m01:07:57.734369 [debug] [Thread-2 (]: Writing injected SQL for node "model.atmosync.stg_commodity"
[0m01:07:57.736024 [debug] [Thread-2 (]: Began executing node model.atmosync.stg_commodity
[0m01:07:57.784112 [debug] [Thread-2 (]: Writing runtime sql for node "model.atmosync.stg_commodity"
[0m01:07:57.786806 [debug] [Thread-2 (]: Using snowflake connection "model.atmosync.stg_commodity"
[0m01:07:57.787623 [debug] [Thread-2 (]: On model.atmosync.stg_commodity: create or replace   view ATMOSYNC_DB.RAW_DATA.stg_commodity
  
  
  
  
  as (
    SELECT

commodity,

market,

price,

updated_time

FROM ATMOSYNC_DB.RAW_DATA.COMMODITY_PRICE
  )
/* {"app": "dbt", "dbt_version": "1.12.0", "profile_name": "atmosync", "target_name": "dev", "node_id": "model.atmosync.stg_commodity"} */;
[0m01:07:57.788254 [debug] [Thread-2 (]: Opening a new connection, currently in state init
[0m01:07:58.461114 [debug] [Thread-2 (]: Snowflake adapter: Snowflake query id: 01c5feb9-3203-03e2-0017-a012001080a6
[0m01:07:58.462940 [debug] [Thread-2 (]: Snowflake adapter: Snowflake error: 002003 (42S02): SQL compilation error:
Object 'ATMOSYNC_DB.RAW_DATA.COMMODITY_PRICE' does not exist or not authorized.
[0m01:07:58.482683 [debug] [Thread-2 (]: Database Error in model stg_commodity (models\stg_commodity.sql)
  002003 (42S02): SQL compilation error:
  Object 'ATMOSYNC_DB.RAW_DATA.COMMODITY_PRICE' does not exist or not authorized.
  compiled code at target\run\atmosync\models\stg_commodity.sql
[0m01:07:58.486574 [debug] [Thread-2 (]: Sending event: {'category': 'dbt', 'action': 'run_model', 'label': 'ecd8e46a-ac23-4d8d-a02c-7a984fcbfcbe', 'context': [<snowplow_tracker.self_describing_json.SelfDescribingJson object at 0x000001F8D2A18DD0>]}
[0m01:07:58.487704 [error] [Thread-2 (]: 1 of 3 ERROR creating sql view model RAW_DATA.stg_commodity .................... [[31mERROR[0m in 0.77s]
[0m01:07:58.489042 [debug] [Thread-2 (]: Finished running node model.atmosync.stg_commodity
[0m01:07:58.489706 [debug] [Thread-2 (]: Began running node model.atmosync.stg_sensor_data
[0m01:07:58.491411 [debug] [Thread-5 (]: Marking all children of 'model.atmosync.stg_commodity' to be skipped because of status 'error'.  Reason: Database Error in model stg_commodity (models\stg_commodity.sql)
  002003 (42S02): SQL compilation error:
  Object 'ATMOSYNC_DB.RAW_DATA.COMMODITY_PRICE' does not exist or not authorized.
  compiled code at target\run\atmosync\models\stg_commodity.sql.
[0m01:07:58.490466 [info ] [Thread-2 (]: 2 of 3 START sql view model RAW_DATA.stg_sensor_data ........................... [RUN]
[0m01:07:58.493403 [debug] [Thread-2 (]: Re-using an available connection from the pool (formerly model.atmosync.stg_commodity, now model.atmosync.stg_sensor_data)
[0m01:07:58.494047 [debug] [Thread-2 (]: Began compiling node model.atmosync.stg_sensor_data
[0m01:07:58.496777 [debug] [Thread-2 (]: Writing injected SQL for node "model.atmosync.stg_sensor_data"
[0m01:07:58.498434 [debug] [Thread-2 (]: Began executing node model.atmosync.stg_sensor_data
[0m01:07:58.502079 [debug] [Thread-2 (]: Writing runtime sql for node "model.atmosync.stg_sensor_data"
[0m01:07:58.504431 [debug] [Thread-2 (]: Using snowflake connection "model.atmosync.stg_sensor_data"
[0m01:07:58.505096 [debug] [Thread-2 (]: On model.atmosync.stg_sensor_data: create or replace   view ATMOSYNC_DB.RAW_DATA.stg_sensor_data
  
  
  
  
  as (
    SELECT

container_id,

commodity,

location,

temperature,

humidity,

vibration,

battery_level,

sensor_status,

event_time

FROM ATMOSYNC_DB.RAW_DATA.CONTAINER_SENSOR_DATA
  )
/* {"app": "dbt", "dbt_version": "1.12.0", "profile_name": "atmosync", "target_name": "dev", "node_id": "model.atmosync.stg_sensor_data"} */;
[0m01:07:58.854963 [debug] [Thread-2 (]: SQL status: SUCCESS 1 in 0.349 seconds
[0m01:07:58.904818 [debug] [Thread-2 (]: Sending event: {'category': 'dbt', 'action': 'run_model', 'label': 'ecd8e46a-ac23-4d8d-a02c-7a984fcbfcbe', 'context': [<snowplow_tracker.self_describing_json.SelfDescribingJson object at 0x000001F8D3B32DB0>]}
[0m01:07:58.905848 [info ] [Thread-2 (]: 2 of 3 OK created sql view model RAW_DATA.stg_sensor_data ...................... [[32mSUCCESS 1[0m in 0.41s]
[0m01:07:58.907217 [debug] [Thread-2 (]: Finished running node model.atmosync.stg_sensor_data
[0m01:07:58.908440 [debug] [Thread-2 (]: Began running node model.atmosync.fact_container_data
[0m01:07:58.909143 [info ] [Thread-2 (]: 3 of 3 SKIP relation RAW_DATA.fact_container_data .............................. [[33mSKIP[0m]
[0m01:07:58.910184 [debug] [Thread-2 (]: Finished running node model.atmosync.fact_container_data
[0m01:07:58.912318 [debug] [MainThread]: Connection 'master' was properly closed.
[0m01:07:58.913746 [debug] [MainThread]: Connection 'list_ATMOSYNC_DB' was left open.
[0m01:07:58.914988 [debug] [MainThread]: On list_ATMOSYNC_DB: Close
[0m01:07:59.268176 [debug] [MainThread]: Connection 'list_ATMOSYNC_DB_RAW_DATA' was left open.
[0m01:07:59.268769 [debug] [MainThread]: On list_ATMOSYNC_DB_RAW_DATA: Close
[0m01:07:59.538150 [debug] [MainThread]: Connection 'model.atmosync.stg_sensor_data' was left open.
[0m01:07:59.539651 [debug] [MainThread]: On model.atmosync.stg_sensor_data: Close
[0m01:07:59.813129 [info ] [MainThread]: 
[0m01:07:59.815315 [info ] [MainThread]: Finished running 3 view models in 0 hours 0 minutes and 4.61 seconds (4.61s).
[0m01:07:59.819555 [debug] [MainThread]: Command end result
[0m01:07:59.885233 [debug] [MainThread]: Wrote artifact WritableManifest to C:\AtmoSync\dbt\target\manifest.json
[0m01:07:59.892225 [debug] [MainThread]: Wrote artifact SemanticManifest to C:\AtmoSync\dbt\target\semantic_manifest.json
[0m01:07:59.897925 [debug] [MainThread]: Wrote artifact OsiDocument to C:\AtmoSync\dbt\target\osi_document.json
[0m01:07:59.909898 [debug] [MainThread]: Wrote artifact RunExecutionResult to C:\AtmoSync\dbt\target\run_results.json
[0m01:07:59.910516 [info ] [MainThread]: 
[0m01:07:59.911441 [info ] [MainThread]: [31mCompleted with 1 error, 0 partial successes, and 0 warnings:[0m
[0m01:07:59.912335 [info ] [MainThread]: 
[0m01:07:59.913320 [error] [MainThread]: [[31mERROR[0m]: in model stg_commodity (models\stg_commodity.sql)
[0m01:07:59.914302 [error] [MainThread]:   Database Error in model stg_commodity (models\stg_commodity.sql)
  002003 (42S02): SQL compilation error:
  Object 'ATMOSYNC_DB.RAW_DATA.COMMODITY_PRICE' does not exist or not authorized.
  compiled code at target\run\atmosync\models\stg_commodity.sql
[0m01:07:59.915129 [info ] [MainThread]: 
[0m01:07:59.916028 [info ] [MainThread]:   compiled code at target\compiled\atmosync\models\stg_commodity.sql
[0m01:07:59.916814 [info ] [MainThread]: 
[0m01:07:59.918362 [info ] [MainThread]: Done. PASS=1 WARN=0 ERROR=1 SKIP=1 NO-OP=0 REUSED=0 TOTAL=3
[0m01:07:59.920587 [debug] [MainThread]: Command `dbt run` failed at 01:07:59.920286 after 8.50 seconds
[0m01:07:59.922062 [debug] [MainThread]: Sending event: {'category': 'dbt', 'action': 'invocation', 'label': 'end', 'context': [<snowplow_tracker.self_describing_json.SelfDescribingJson object at 0x000001F8D2A37890>, <snowplow_tracker.self_describing_json.SelfDescribingJson object at 0x000001F8D3B9F920>, <snowplow_tracker.self_describing_json.SelfDescribingJson object at 0x000001F8C6B8C7D0>]}
[0m01:07:59.923018 [debug] [MainThread]: Flushing usage events
[0m01:08:02.894272 [debug] [MainThread]: An error was encountered while trying to flush usage events
[0m01:12:46.848741 [debug] [MainThread]: Sending event: {'category': 'dbt', 'action': 'invocation', 'label': 'start', 'context': [<snowplow_tracker.self_describing_json.SelfDescribingJson object at 0x0000017EBD5ED550>, <snowplow_tracker.self_describing_json.SelfDescribingJson object at 0x0000017EBFBBBED0>, <snowplow_tracker.self_describing_json.SelfDescribingJson object at 0x0000017EBFBBBB10>]}


============================== 01:12:46.857128 | 970d62da-88b9-477b-9a77-22c1f4a88627 ==============================
[0m01:12:46.857128 [info ] [MainThread]: Running with dbt=1.12.0
[0m01:12:46.859503 [debug] [MainThread]: running dbt with arguments {'static_parser': 'True', 'no_print': 'None', 'maximum_seed_size_mib': '1', 'warn_error_options': 'WarnErrorOptionsV2(error=[], warn=[], silence=[])', 'target_path': 'None', 'version_check': 'True', 'printer_width': '80', 'write_json': 'True', 'empty': 'False', 'log_cache_events': 'False', 'introspect': 'True', 'cache_selected_only': 'False', 'fail_fast': 'False', 'debug': 'False', 'log_format': 'default', 'profiles_dir': 'C:\\AtmoSync\\dbt', 'send_anonymous_usage_stats': 'True', 'quiet': 'False', 'warn_error': 'None', 'partial_parse': 'True', 'use_colors': 'True', 'hints_enabled': 'True', 'indirect_selection': 'eager', 'use_experimental_parser': 'False', 'invocation_command': 'dbt run', 'log_path': 'C:\\AtmoSync\\dbt\\logs'}
[0m01:12:48.663016 [debug] [MainThread]: Snowflake adapter: Setting snowflake.connector to ERROR (file logging only)
[0m01:12:48.663718 [debug] [MainThread]: Snowflake adapter: Setting botocore to ERROR (file logging only)
[0m01:12:48.664275 [debug] [MainThread]: Snowflake adapter: Setting boto3 to ERROR (file logging only)
[0m01:12:49.213401 [debug] [MainThread]: Sending event: {'category': 'dbt', 'action': 'project_id', 'label': '970d62da-88b9-477b-9a77-22c1f4a88627', 'context': [<snowplow_tracker.self_describing_json.SelfDescribingJson object at 0x0000017EBDAD6780>]}
[0m01:12:49.322059 [debug] [MainThread]: Sending event: {'category': 'dbt', 'action': 'adapter_info', 'label': '970d62da-88b9-477b-9a77-22c1f4a88627', 'context': [<snowplow_tracker.self_describing_json.SelfDescribingJson object at 0x0000017ECB26FF00>]}
[0m01:12:49.324556 [info ] [MainThread]: Registered adapter: snowflake=1.12.0
[0m01:12:50.103025 [debug] [MainThread]: checksum: 15948c77f26fc04b93f8c33c7d3d95880cdcb8b78a46bd5069b548daa14b9be5, vars: {}, profile: atmosync, target: dev, version: 1.12.0
[0m01:12:50.344506 [debug] [MainThread]: Partial parsing enabled: 0 files deleted, 0 files added, 0 files changed.
[0m01:12:50.345186 [debug] [MainThread]: Nothing changed, skipping partial parsing.
[0m01:12:50.345635 [debug] [MainThread]: Partial parsing enabled, no changes found, skipping parsing
[0m01:12:50.359901 [debug] [MainThread]: Sending event: {'category': 'dbt', 'action': 'load_project', 'label': '970d62da-88b9-477b-9a77-22c1f4a88627', 'context': [<snowplow_tracker.self_describing_json.SelfDescribingJson object at 0x0000017ECB657650>]}
[0m01:12:50.550940 [debug] [MainThread]: Wrote artifact WritableManifest to C:\AtmoSync\dbt\target\manifest.json
[0m01:12:50.556362 [debug] [MainThread]: Wrote artifact SemanticManifest to C:\AtmoSync\dbt\target\semantic_manifest.json
[0m01:12:50.611444 [debug] [MainThread]: Wrote artifact OsiDocument to C:\AtmoSync\dbt\target\osi_document.json
[0m01:12:50.633999 [debug] [MainThread]: Sending event: {'category': 'dbt', 'action': 'resource_counts', 'label': '970d62da-88b9-477b-9a77-22c1f4a88627', 'context': [<snowplow_tracker.self_describing_json.SelfDescribingJson object at 0x0000017ECB6BFE30>]}
[0m01:12:50.635217 [info ] [MainThread]: Found 3 models, 2 sources, 545 macros
[0m01:12:50.636463 [debug] [MainThread]: Sending event: {'category': 'dbt', 'action': 'runnable_timing', 'label': '970d62da-88b9-477b-9a77-22c1f4a88627', 'context': [<snowplow_tracker.self_describing_json.SelfDescribingJson object at 0x0000017ECB73E7B0>]}
[0m01:12:50.639646 [info ] [MainThread]: 
[0m01:12:50.640533 [info ] [MainThread]: Concurrency: 1 threads (target='dev')
[0m01:12:50.641346 [info ] [MainThread]: 
[0m01:12:50.643143 [debug] [MainThread]: Acquiring new snowflake connection 'master'
[0m01:12:50.654718 [debug] [ThreadPool]: Acquiring new snowflake connection 'list_ATMOSYNC_DB'
[0m01:12:50.681536 [debug] [ThreadPool]: Using snowflake connection "list_ATMOSYNC_DB"
[0m01:12:50.682127 [debug] [ThreadPool]: On list_ATMOSYNC_DB: show terse schemas in database ATMOSYNC_DB
    limit 10000
/* {"app": "dbt", "dbt_version": "1.12.0", "profile_name": "atmosync", "target_name": "dev", "connection_name": "list_ATMOSYNC_DB"} */
[0m01:12:50.682624 [debug] [ThreadPool]: Opening a new connection, currently in state init
[0m01:12:52.173969 [debug] [ThreadPool]: SQL status: SUCCESS 3 in 1.491 seconds
[0m01:12:52.237628 [debug] [ThreadPool]: Acquiring new snowflake connection 'list_ATMOSYNC_DB_RAW_DATA'
[0m01:12:52.267577 [debug] [ThreadPool]: Using snowflake connection "list_ATMOSYNC_DB_RAW_DATA"
[0m01:12:52.268629 [debug] [ThreadPool]: On list_ATMOSYNC_DB_RAW_DATA: show objects in ATMOSYNC_DB.RAW_DATA
    limit 10000
    

/* {"app": "dbt", "dbt_version": "1.12.0", "profile_name": "atmosync", "target_name": "dev", "connection_name": "list_ATMOSYNC_DB_RAW_DATA"} */;
[0m01:12:52.269617 [debug] [ThreadPool]: Opening a new connection, currently in state init
[0m01:12:53.309200 [debug] [ThreadPool]: SQL status: SUCCESS 2 in 1.039 seconds
[0m01:12:53.318570 [debug] [ThreadPool]: Using snowflake connection "list_ATMOSYNC_DB_RAW_DATA"
[0m01:12:53.319161 [debug] [ThreadPool]: On list_ATMOSYNC_DB_RAW_DATA: show user functions in ATMOSYNC_DB.RAW_DATA
/* {"app": "dbt", "dbt_version": "1.12.0", "profile_name": "atmosync", "target_name": "dev", "connection_name": "list_ATMOSYNC_DB_RAW_DATA"} */
[0m01:12:53.495157 [debug] [ThreadPool]: SQL status: SUCCESS 0 in 0.175 seconds
[0m01:12:53.504262 [debug] [MainThread]: Sending event: {'category': 'dbt', 'action': 'runnable_timing', 'label': '970d62da-88b9-477b-9a77-22c1f4a88627', 'context': [<snowplow_tracker.self_describing_json.SelfDescribingJson object at 0x0000017ECB9DE5B0>]}
[0m01:12:53.519819 [debug] [Thread-2 (]: Began running node model.atmosync.stg_commodity
[0m01:12:53.522042 [info ] [Thread-2 (]: 1 of 3 START sql view model RAW_DATA.stg_commodity ............................. [RUN]
[0m01:12:53.525222 [debug] [Thread-2 (]: Acquiring new snowflake connection 'model.atmosync.stg_commodity'
[0m01:12:53.526631 [debug] [Thread-2 (]: Began compiling node model.atmosync.stg_commodity
[0m01:12:53.546043 [debug] [Thread-2 (]: Writing injected SQL for node "model.atmosync.stg_commodity"
[0m01:12:53.547974 [debug] [Thread-2 (]: Began executing node model.atmosync.stg_commodity
[0m01:12:53.595717 [debug] [Thread-2 (]: Writing runtime sql for node "model.atmosync.stg_commodity"
[0m01:12:53.598170 [debug] [Thread-2 (]: Using snowflake connection "model.atmosync.stg_commodity"
[0m01:12:53.598823 [debug] [Thread-2 (]: On model.atmosync.stg_commodity: create or replace   view ATMOSYNC_DB.RAW_DATA.stg_commodity
  
  
  
  
  as (
    SELECT

commodity,

market,

price,

updated_time

FROM ATMOSYNC_DB.RAW_DATA.COMMODITY_PRICE
  )
/* {"app": "dbt", "dbt_version": "1.12.0", "profile_name": "atmosync", "target_name": "dev", "node_id": "model.atmosync.stg_commodity"} */;
[0m01:12:53.599373 [debug] [Thread-2 (]: Opening a new connection, currently in state init
[0m01:12:54.257872 [debug] [Thread-2 (]: Snowflake adapter: Snowflake query id: 01c5febe-3203-049b-0017-a0120010a042
[0m01:12:54.258564 [debug] [Thread-2 (]: Snowflake adapter: Snowflake error: 002003 (42S02): SQL compilation error:
Object 'ATMOSYNC_DB.RAW_DATA.COMMODITY_PRICE' does not exist or not authorized.
[0m01:12:54.269119 [debug] [Thread-2 (]: Database Error in model stg_commodity (models\stg_commodity.sql)
  002003 (42S02): SQL compilation error:
  Object 'ATMOSYNC_DB.RAW_DATA.COMMODITY_PRICE' does not exist or not authorized.
  compiled code at target\run\atmosync\models\stg_commodity.sql
[0m01:12:54.272512 [debug] [Thread-2 (]: Sending event: {'category': 'dbt', 'action': 'run_model', 'label': '970d62da-88b9-477b-9a77-22c1f4a88627', 'context': [<snowplow_tracker.self_describing_json.SelfDescribingJson object at 0x0000017ECBA14DD0>]}
[0m01:12:54.273616 [error] [Thread-2 (]: 1 of 3 ERROR creating sql view model RAW_DATA.stg_commodity .................... [[31mERROR[0m in 0.75s]
[0m01:12:54.274934 [debug] [Thread-2 (]: Finished running node model.atmosync.stg_commodity
[0m01:12:54.275610 [debug] [Thread-2 (]: Began running node model.atmosync.stg_sensor_data
[0m01:12:54.277292 [debug] [Thread-5 (]: Marking all children of 'model.atmosync.stg_commodity' to be skipped because of status 'error'.  Reason: Database Error in model stg_commodity (models\stg_commodity.sql)
  002003 (42S02): SQL compilation error:
  Object 'ATMOSYNC_DB.RAW_DATA.COMMODITY_PRICE' does not exist or not authorized.
  compiled code at target\run\atmosync\models\stg_commodity.sql.
[0m01:12:54.276356 [info ] [Thread-2 (]: 2 of 3 START sql view model RAW_DATA.stg_sensor_data ........................... [RUN]
[0m01:12:54.279304 [debug] [Thread-2 (]: Re-using an available connection from the pool (formerly model.atmosync.stg_commodity, now model.atmosync.stg_sensor_data)
[0m01:12:54.279958 [debug] [Thread-2 (]: Began compiling node model.atmosync.stg_sensor_data
[0m01:12:54.282676 [debug] [Thread-2 (]: Writing injected SQL for node "model.atmosync.stg_sensor_data"
[0m01:12:54.284413 [debug] [Thread-2 (]: Began executing node model.atmosync.stg_sensor_data
[0m01:12:54.288813 [debug] [Thread-2 (]: Writing runtime sql for node "model.atmosync.stg_sensor_data"
[0m01:12:54.291941 [debug] [Thread-2 (]: Using snowflake connection "model.atmosync.stg_sensor_data"
[0m01:12:54.293467 [debug] [Thread-2 (]: On model.atmosync.stg_sensor_data: create or replace   view ATMOSYNC_DB.RAW_DATA.stg_sensor_data
  
  
  
  
  as (
    SELECT

container_id,

commodity,

location,

temperature,

humidity,

vibration,

battery_level,

sensor_status,

event_time

FROM ATMOSYNC_DB.RAW_DATA.CONTAINER_SENSOR_DATA
  )
/* {"app": "dbt", "dbt_version": "1.12.0", "profile_name": "atmosync", "target_name": "dev", "node_id": "model.atmosync.stg_sensor_data"} */;
[0m01:12:54.615709 [debug] [Thread-2 (]: SQL status: SUCCESS 1 in 0.321 seconds
[0m01:12:54.654854 [debug] [Thread-2 (]: Sending event: {'category': 'dbt', 'action': 'run_model', 'label': '970d62da-88b9-477b-9a77-22c1f4a88627', 'context': [<snowplow_tracker.self_describing_json.SelfDescribingJson object at 0x0000017ECCB36DB0>]}
[0m01:12:54.655896 [info ] [Thread-2 (]: 2 of 3 OK created sql view model RAW_DATA.stg_sensor_data ...................... [[32mSUCCESS 1[0m in 0.38s]
[0m01:12:54.657247 [debug] [Thread-2 (]: Finished running node model.atmosync.stg_sensor_data
[0m01:12:54.658492 [debug] [Thread-2 (]: Began running node model.atmosync.fact_container_data
[0m01:12:54.659285 [info ] [Thread-2 (]: 3 of 3 SKIP relation RAW_DATA.fact_container_data .............................. [[33mSKIP[0m]
[0m01:12:54.660312 [debug] [Thread-2 (]: Finished running node model.atmosync.fact_container_data
[0m01:12:54.662428 [debug] [MainThread]: Connection 'master' was properly closed.
[0m01:12:54.662947 [debug] [MainThread]: Connection 'list_ATMOSYNC_DB' was left open.
[0m01:12:54.663506 [debug] [MainThread]: On list_ATMOSYNC_DB: Close
[0m01:12:54.892981 [debug] [MainThread]: Connection 'list_ATMOSYNC_DB_RAW_DATA' was left open.
[0m01:12:54.893570 [debug] [MainThread]: On list_ATMOSYNC_DB_RAW_DATA: Close
[0m01:12:55.170145 [debug] [MainThread]: Connection 'model.atmosync.stg_sensor_data' was left open.
[0m01:12:55.170730 [debug] [MainThread]: On model.atmosync.stg_sensor_data: Close
[0m01:12:55.413339 [info ] [MainThread]: 
[0m01:12:55.414600 [info ] [MainThread]: Finished running 3 view models in 0 hours 0 minutes and 4.77 seconds (4.77s).
[0m01:12:55.416420 [debug] [MainThread]: Command end result
[0m01:12:55.500117 [debug] [MainThread]: Wrote artifact WritableManifest to C:\AtmoSync\dbt\target\manifest.json
[0m01:12:55.511490 [debug] [MainThread]: Wrote artifact SemanticManifest to C:\AtmoSync\dbt\target\semantic_manifest.json
[0m01:12:55.521705 [debug] [MainThread]: Wrote artifact OsiDocument to C:\AtmoSync\dbt\target\osi_document.json
[0m01:12:55.544646 [debug] [MainThread]: Wrote artifact RunExecutionResult to C:\AtmoSync\dbt\target\run_results.json
[0m01:12:55.545696 [info ] [MainThread]: 
[0m01:12:55.546827 [info ] [MainThread]: [31mCompleted with 1 error, 0 partial successes, and 0 warnings:[0m
[0m01:12:55.548039 [info ] [MainThread]: 
[0m01:12:55.549049 [error] [MainThread]: [[31mERROR[0m]: in model stg_commodity (models\stg_commodity.sql)
[0m01:12:55.549943 [error] [MainThread]:   Database Error in model stg_commodity (models\stg_commodity.sql)
  002003 (42S02): SQL compilation error:
  Object 'ATMOSYNC_DB.RAW_DATA.COMMODITY_PRICE' does not exist or not authorized.
  compiled code at target\run\atmosync\models\stg_commodity.sql
[0m01:12:55.550764 [info ] [MainThread]: 
[0m01:12:55.551816 [info ] [MainThread]:   compiled code at target\compiled\atmosync\models\stg_commodity.sql
[0m01:12:55.553294 [info ] [MainThread]: 
[0m01:12:55.554294 [info ] [MainThread]: Done. PASS=1 WARN=0 ERROR=1 SKIP=1 NO-OP=0 REUSED=0 TOTAL=3
[0m01:12:55.556085 [debug] [MainThread]: Command `dbt run` failed at 01:12:55.555820 after 9.04 seconds
[0m01:12:55.556752 [debug] [MainThread]: Sending event: {'category': 'dbt', 'action': 'invocation', 'label': 'end', 'context': [<snowplow_tracker.self_describing_json.SelfDescribingJson object at 0x0000017ECBA23930>, <snowplow_tracker.self_describing_json.SelfDescribingJson object at 0x0000017ECCBAB920>, <snowplow_tracker.self_describing_json.SelfDescribingJson object at 0x0000017EBFBEC7D0>]}
[0m01:12:55.557441 [debug] [MainThread]: Flushing usage events
[0m01:13:02.813443 [debug] [MainThread]: An error was encountered while trying to flush usage events
[0m01:16:05.247478 [debug] [MainThread]: Sending event: {'category': 'dbt', 'action': 'invocation', 'label': 'start', 'context': [<snowplow_tracker.self_describing_json.SelfDescribingJson object at 0x000001A89A80D550>, <snowplow_tracker.self_describing_json.SelfDescribingJson object at 0x000001A89CDDBED0>, <snowplow_tracker.self_describing_json.SelfDescribingJson object at 0x000001A89CDDBB10>]}


============================== 01:16:05.256157 | f21d45cb-1f27-49b5-a2e6-bc9ebec30e0e ==============================
[0m01:16:05.256157 [info ] [MainThread]: Running with dbt=1.12.0
[0m01:16:05.257451 [debug] [MainThread]: running dbt with arguments {'maximum_seed_size_mib': '1', 'no_print': 'None', 'static_parser': 'True', 'target_path': 'None', 'version_check': 'True', 'warn_error_options': 'WarnErrorOptionsV2(error=[], warn=[], silence=[])', 'printer_width': '80', 'write_json': 'True', 'introspect': 'True', 'log_cache_events': 'False', 'empty': 'False', 'cache_selected_only': 'False', 'fail_fast': 'False', 'debug': 'False', 'log_format': 'default', 'partial_parse': 'True', 'send_anonymous_usage_stats': 'True', 'quiet': 'False', 'warn_error': 'None', 'profiles_dir': 'C:\\AtmoSync\\dbt', 'use_colors': 'True', 'hints_enabled': 'True', 'invocation_command': 'dbt run', 'use_experimental_parser': 'False', 'indirect_selection': 'eager', 'log_path': 'C:\\AtmoSync\\dbt\\logs'}
[0m01:16:07.003083 [debug] [MainThread]: Snowflake adapter: Setting snowflake.connector to ERROR (file logging only)
[0m01:16:07.003801 [debug] [MainThread]: Snowflake adapter: Setting botocore to ERROR (file logging only)
[0m01:16:07.004330 [debug] [MainThread]: Snowflake adapter: Setting boto3 to ERROR (file logging only)
[0m01:16:07.631727 [debug] [MainThread]: Sending event: {'category': 'dbt', 'action': 'project_id', 'label': 'f21d45cb-1f27-49b5-a2e6-bc9ebec30e0e', 'context': [<snowplow_tracker.self_describing_json.SelfDescribingJson object at 0x000001A89ACF6780>]}
[0m01:16:07.808050 [debug] [MainThread]: Sending event: {'category': 'dbt', 'action': 'adapter_info', 'label': 'f21d45cb-1f27-49b5-a2e6-bc9ebec30e0e', 'context': [<snowplow_tracker.self_describing_json.SelfDescribingJson object at 0x000001A8A854BF00>]}
[0m01:16:07.810613 [info ] [MainThread]: Registered adapter: snowflake=1.12.0
[0m01:16:08.661747 [debug] [MainThread]: checksum: 15948c77f26fc04b93f8c33c7d3d95880cdcb8b78a46bd5069b548daa14b9be5, vars: {}, profile: atmosync, target: dev, version: 1.12.0
[0m01:16:08.936066 [debug] [MainThread]: Partial parsing enabled: 0 files deleted, 0 files added, 3 files changed.
[0m01:16:08.937338 [debug] [MainThread]: Partial parsing: updated file: atmosync://models\sources.yml
[0m01:16:08.937930 [debug] [MainThread]: Partial parsing: updated file: atmosync://models\stg_sensor_data.sql
[0m01:16:08.938463 [debug] [MainThread]: Partial parsing: updated file: atmosync://models\stg_commodity.sql
[0m01:16:09.666625 [error] [MainThread]: [[31mERROR[0m]: Encountered an error:
Compilation Error
  Model 'model.atmosync.stg_sensor_data' (models\stg_sensor_data.sql) depends on a source named 'raw_data.CONTAINER_SENSOR_DATA' which was not found
[0m01:16:09.668439 [debug] [MainThread]: Command `dbt run` failed at 01:16:09.668173 after 4.71 seconds
[0m01:16:09.669046 [debug] [MainThread]: Sending event: {'category': 'dbt', 'action': 'invocation', 'label': 'end', 'context': [<snowplow_tracker.self_describing_json.SelfDescribingJson object at 0x000001A8A8E00350>, <snowplow_tracker.self_describing_json.SelfDescribingJson object at 0x000001A8A8E00150>, <snowplow_tracker.self_describing_json.SelfDescribingJson object at 0x000001A8A8D74D70>]}
[0m01:16:09.669619 [debug] [MainThread]: Flushing usage events
[0m01:16:12.077378 [debug] [MainThread]: An error was encountered while trying to flush usage events
[0m01:18:27.523175 [debug] [MainThread]: Sending event: {'category': 'dbt', 'action': 'invocation', 'label': 'start', 'context': [<snowplow_tracker.self_describing_json.SelfDescribingJson object at 0x0000021905DDD550>, <snowplow_tracker.self_describing_json.SelfDescribingJson object at 0x00000219083ABED0>, <snowplow_tracker.self_describing_json.SelfDescribingJson object at 0x00000219083ABB10>]}


============================== 01:18:27.530705 | 00108a3c-2844-4256-8e5b-7e815dc5319a ==============================
[0m01:18:27.530705 [info ] [MainThread]: Running with dbt=1.12.0
[0m01:18:27.531962 [debug] [MainThread]: running dbt with arguments {'maximum_seed_size_mib': '1', 'no_print': 'None', 'version_check': 'True', 'target_path': 'None', 'warn_error_options': 'WarnErrorOptionsV2(error=[], warn=[], silence=[])', 'static_parser': 'True', 'printer_width': '80', 'write_json': 'True', 'empty': 'False', 'log_cache_events': 'False', 'introspect': 'True', 'cache_selected_only': 'False', 'log_format': 'default', 'debug': 'False', 'fail_fast': 'False', 'partial_parse': 'True', 'send_anonymous_usage_stats': 'True', 'quiet': 'False', 'warn_error': 'None', 'profiles_dir': 'C:\\AtmoSync\\dbt', 'indirect_selection': 'eager', 'hints_enabled': 'True', 'use_colors': 'True', 'use_experimental_parser': 'False', 'invocation_command': 'dbt run', 'log_path': 'C:\\AtmoSync\\dbt\\logs'}
[0m01:18:29.108973 [debug] [MainThread]: Snowflake adapter: Setting snowflake.connector to ERROR (file logging only)
[0m01:18:29.109705 [debug] [MainThread]: Snowflake adapter: Setting botocore to ERROR (file logging only)
[0m01:18:29.110253 [debug] [MainThread]: Snowflake adapter: Setting boto3 to ERROR (file logging only)
[0m01:18:29.587458 [debug] [MainThread]: Sending event: {'category': 'dbt', 'action': 'project_id', 'label': '00108a3c-2844-4256-8e5b-7e815dc5319a', 'context': [<snowplow_tracker.self_describing_json.SelfDescribingJson object at 0x00000219062C6780>]}
[0m01:18:29.706475 [debug] [MainThread]: Sending event: {'category': 'dbt', 'action': 'adapter_info', 'label': '00108a3c-2844-4256-8e5b-7e815dc5319a', 'context': [<snowplow_tracker.self_describing_json.SelfDescribingJson object at 0x0000021913A5BF00>]}
[0m01:18:29.708949 [info ] [MainThread]: Registered adapter: snowflake=1.12.0
[0m01:18:30.495392 [debug] [MainThread]: checksum: 15948c77f26fc04b93f8c33c7d3d95880cdcb8b78a46bd5069b548daa14b9be5, vars: {}, profile: atmosync, target: dev, version: 1.12.0
[0m01:18:30.747699 [debug] [MainThread]: Partial parsing enabled: 0 files deleted, 0 files added, 3 files changed.
[0m01:18:30.749059 [debug] [MainThread]: Partial parsing: updated file: atmosync://models\sources.yml
[0m01:18:30.749732 [debug] [MainThread]: Partial parsing: updated file: atmosync://models\stg_sensor_data.sql
[0m01:18:30.750247 [debug] [MainThread]: Partial parsing: updated file: atmosync://models\stg_commodity.sql
[0m01:18:31.364684 [error] [MainThread]: [[31mERROR[0m]: Encountered an error:
Compilation Error
  Model 'model.atmosync.stg_commodity' (models\stg_commodity.sql) depends on a source named 'raw_data.COMMODITY_PRICE' which was not found
[0m01:18:31.366426 [debug] [MainThread]: Command `dbt run` failed at 01:18:31.366210 after 4.13 seconds
[0m01:18:31.367040 [debug] [MainThread]: Sending event: {'category': 'dbt', 'action': 'invocation', 'label': 'end', 'context': [<snowplow_tracker.self_describing_json.SelfDescribingJson object at 0x0000021914308350>, <snowplow_tracker.self_describing_json.SelfDescribingJson object at 0x0000021914308150>, <snowplow_tracker.self_describing_json.SelfDescribingJson object at 0x0000021914284D70>]}
[0m01:18:31.367601 [debug] [MainThread]: Flushing usage events
[0m01:18:33.439601 [debug] [MainThread]: An error was encountered while trying to flush usage events
[0m01:20:55.642723 [debug] [MainThread]: Sending event: {'category': 'dbt', 'action': 'invocation', 'label': 'start', 'context': [<snowplow_tracker.self_describing_json.SelfDescribingJson object at 0x000001E1F675D550>, <snowplow_tracker.self_describing_json.SelfDescribingJson object at 0x000001E1F8D27ED0>, <snowplow_tracker.self_describing_json.SelfDescribingJson object at 0x000001E1F8D27B10>]}


============================== 01:20:55.650203 | d7432dc0-a69d-4a02-aa20-3fe97ff26a50 ==============================
[0m01:20:55.650203 [info ] [MainThread]: Running with dbt=1.12.0
[0m01:20:55.651407 [debug] [MainThread]: running dbt with arguments {'static_parser': 'True', 'no_print': 'None', 'maximum_seed_size_mib': '1', 'target_path': 'None', 'warn_error_options': 'WarnErrorOptionsV2(error=[], warn=[], silence=[])', 'version_check': 'True', 'printer_width': '80', 'write_json': 'True', 'empty': 'False', 'log_cache_events': 'False', 'introspect': 'True', 'cache_selected_only': 'False', 'log_format': 'default', 'debug': 'False', 'fail_fast': 'False', 'profiles_dir': 'C:\\AtmoSync\\dbt', 'send_anonymous_usage_stats': 'True', 'quiet': 'False', 'warn_error': 'None', 'partial_parse': 'True', 'indirect_selection': 'eager', 'hints_enabled': 'True', 'invocation_command': 'dbt run', 'use_experimental_parser': 'False', 'use_colors': 'True', 'log_path': 'C:\\AtmoSync\\dbt\\logs'}
[0m01:20:57.198780 [debug] [MainThread]: Snowflake adapter: Setting snowflake.connector to ERROR (file logging only)
[0m01:20:57.199477 [debug] [MainThread]: Snowflake adapter: Setting botocore to ERROR (file logging only)
[0m01:20:57.200014 [debug] [MainThread]: Snowflake adapter: Setting boto3 to ERROR (file logging only)
[0m01:20:57.671250 [debug] [MainThread]: Sending event: {'category': 'dbt', 'action': 'project_id', 'label': 'd7432dc0-a69d-4a02-aa20-3fe97ff26a50', 'context': [<snowplow_tracker.self_describing_json.SelfDescribingJson object at 0x000001E1F6C46780>]}
[0m01:20:57.780643 [debug] [MainThread]: Sending event: {'category': 'dbt', 'action': 'adapter_info', 'label': 'd7432dc0-a69d-4a02-aa20-3fe97ff26a50', 'context': [<snowplow_tracker.self_describing_json.SelfDescribingJson object at 0x000001E1844BFF00>]}
[0m01:20:57.782904 [info ] [MainThread]: Registered adapter: snowflake=1.12.0
[0m01:20:58.546853 [debug] [MainThread]: checksum: 15948c77f26fc04b93f8c33c7d3d95880cdcb8b78a46bd5069b548daa14b9be5, vars: {}, profile: atmosync, target: dev, version: 1.12.0
[0m01:20:58.789206 [debug] [MainThread]: Partial parsing enabled: 0 files deleted, 0 files added, 3 files changed.
[0m01:20:58.790442 [debug] [MainThread]: Partial parsing: updated file: atmosync://models\sources.yml
[0m01:20:58.791019 [debug] [MainThread]: Partial parsing: updated file: atmosync://models\stg_commodity.sql
[0m01:20:58.791534 [debug] [MainThread]: Partial parsing: updated file: atmosync://models\stg_sensor_data.sql
[0m01:20:59.553067 [debug] [MainThread]: Sending event: {'category': 'dbt', 'action': 'load_project', 'label': 'd7432dc0-a69d-4a02-aa20-3fe97ff26a50', 'context': [<snowplow_tracker.self_describing_json.SelfDescribingJson object at 0x000001E184D58A50>]}
[0m01:20:59.696800 [debug] [MainThread]: Wrote artifact WritableManifest to C:\AtmoSync\dbt\target\manifest.json
[0m01:20:59.702875 [debug] [MainThread]: Wrote artifact SemanticManifest to C:\AtmoSync\dbt\target\semantic_manifest.json
[0m01:20:59.757758 [debug] [MainThread]: Wrote artifact OsiDocument to C:\AtmoSync\dbt\target\osi_document.json
[0m01:20:59.780855 [debug] [MainThread]: Sending event: {'category': 'dbt', 'action': 'resource_counts', 'label': 'd7432dc0-a69d-4a02-aa20-3fe97ff26a50', 'context': [<snowplow_tracker.self_describing_json.SelfDescribingJson object at 0x000001E184CE55E0>]}
[0m01:20:59.781919 [info ] [MainThread]: Found 3 models, 2 sources, 545 macros
[0m01:20:59.782936 [debug] [MainThread]: Sending event: {'category': 'dbt', 'action': 'runnable_timing', 'label': 'd7432dc0-a69d-4a02-aa20-3fe97ff26a50', 'context': [<snowplow_tracker.self_describing_json.SelfDescribingJson object at 0x000001E184DE1470>]}
[0m01:20:59.786822 [info ] [MainThread]: 
[0m01:20:59.787740 [info ] [MainThread]: Concurrency: 1 threads (target='dev')
[0m01:20:59.789442 [info ] [MainThread]: 
[0m01:20:59.791613 [debug] [MainThread]: Acquiring new snowflake connection 'master'
[0m01:20:59.802091 [debug] [ThreadPool]: Acquiring new snowflake connection 'list_ATMOSYNC_DB'
[0m01:20:59.828916 [debug] [ThreadPool]: Using snowflake connection "list_ATMOSYNC_DB"
[0m01:20:59.829505 [debug] [ThreadPool]: On list_ATMOSYNC_DB: show terse schemas in database ATMOSYNC_DB
    limit 10000
/* {"app": "dbt", "dbt_version": "1.12.0", "profile_name": "atmosync", "target_name": "dev", "connection_name": "list_ATMOSYNC_DB"} */
[0m01:20:59.829969 [debug] [ThreadPool]: Opening a new connection, currently in state init
[0m01:21:02.099979 [debug] [ThreadPool]: SQL status: SUCCESS 3 in 2.270 seconds
[0m01:21:02.110683 [debug] [ThreadPool]: Acquiring new snowflake connection 'list_ATMOSYNC_DB_RAW_DATA'
[0m01:21:02.138027 [debug] [ThreadPool]: Using snowflake connection "list_ATMOSYNC_DB_RAW_DATA"
[0m01:21:02.138716 [debug] [ThreadPool]: On list_ATMOSYNC_DB_RAW_DATA: show objects in ATMOSYNC_DB.RAW_DATA
    limit 10000
    

/* {"app": "dbt", "dbt_version": "1.12.0", "profile_name": "atmosync", "target_name": "dev", "connection_name": "list_ATMOSYNC_DB_RAW_DATA"} */;
[0m01:21:02.139213 [debug] [ThreadPool]: Opening a new connection, currently in state init
[0m01:21:03.097749 [debug] [ThreadPool]: SQL status: SUCCESS 2 in 0.958 seconds
[0m01:21:03.118424 [debug] [ThreadPool]: Using snowflake connection "list_ATMOSYNC_DB_RAW_DATA"
[0m01:21:03.119354 [debug] [ThreadPool]: On list_ATMOSYNC_DB_RAW_DATA: show user functions in ATMOSYNC_DB.RAW_DATA
/* {"app": "dbt", "dbt_version": "1.12.0", "profile_name": "atmosync", "target_name": "dev", "connection_name": "list_ATMOSYNC_DB_RAW_DATA"} */
[0m01:21:03.289486 [debug] [ThreadPool]: SQL status: SUCCESS 0 in 0.169 seconds
[0m01:21:03.298913 [debug] [MainThread]: Sending event: {'category': 'dbt', 'action': 'runnable_timing', 'label': 'd7432dc0-a69d-4a02-aa20-3fe97ff26a50', 'context': [<snowplow_tracker.self_describing_json.SelfDescribingJson object at 0x000001E184DF2340>]}
[0m01:21:03.306907 [debug] [Thread-2 (]: Began running node model.atmosync.stg_commodity
[0m01:21:03.307744 [info ] [Thread-2 (]: 1 of 3 START sql view model RAW_DATA.stg_commodity ............................. [RUN]
[0m01:21:03.309168 [debug] [Thread-2 (]: Acquiring new snowflake connection 'model.atmosync.stg_commodity'
[0m01:21:03.309772 [debug] [Thread-2 (]: Began compiling node model.atmosync.stg_commodity
[0m01:21:03.319091 [debug] [Thread-2 (]: Writing injected SQL for node "model.atmosync.stg_commodity"
[0m01:21:03.321029 [debug] [Thread-2 (]: Began executing node model.atmosync.stg_commodity
[0m01:21:03.372937 [debug] [Thread-2 (]: Writing runtime sql for node "model.atmosync.stg_commodity"
[0m01:21:03.375208 [debug] [Thread-2 (]: Using snowflake connection "model.atmosync.stg_commodity"
[0m01:21:03.375908 [debug] [Thread-2 (]: On model.atmosync.stg_commodity: create or replace   view ATMOSYNC_DB.RAW_DATA.stg_commodity
  
  
  
  
  as (
    SELECT

commodity,

market,

price,

updated_time

FROM ATMOSYNC_DB.RAW_DATA.COMMODITY_PRICE
  )
/* {"app": "dbt", "dbt_version": "1.12.0", "profile_name": "atmosync", "target_name": "dev", "node_id": "model.atmosync.stg_commodity"} */;
[0m01:21:03.376465 [debug] [Thread-2 (]: Opening a new connection, currently in state init
[0m01:21:04.219618 [debug] [Thread-2 (]: Snowflake adapter: Snowflake query id: 01c5fec6-3203-049b-0017-a0120010a04e
[0m01:21:04.220639 [debug] [Thread-2 (]: Snowflake adapter: Snowflake error: 002003 (42S02): SQL compilation error:
Object 'ATMOSYNC_DB.RAW_DATA.COMMODITY_PRICE' does not exist or not authorized.
[0m01:21:04.239750 [debug] [Thread-2 (]: Database Error in model stg_commodity (models\stg_commodity.sql)
  002003 (42S02): SQL compilation error:
  Object 'ATMOSYNC_DB.RAW_DATA.COMMODITY_PRICE' does not exist or not authorized.
  compiled code at target\run\atmosync\models\stg_commodity.sql
[0m01:21:04.243764 [debug] [Thread-2 (]: Sending event: {'category': 'dbt', 'action': 'run_model', 'label': 'd7432dc0-a69d-4a02-aa20-3fe97ff26a50', 'context': [<snowplow_tracker.self_describing_json.SelfDescribingJson object at 0x000001E185F24590>]}
[0m01:21:04.245305 [error] [Thread-2 (]: 1 of 3 ERROR creating sql view model RAW_DATA.stg_commodity .................... [[31mERROR[0m in 0.93s]
[0m01:21:04.247348 [debug] [Thread-2 (]: Finished running node model.atmosync.stg_commodity
[0m01:21:04.248711 [debug] [Thread-2 (]: Began running node model.atmosync.stg_sensor_data
[0m01:21:04.249992 [debug] [Thread-5 (]: Marking all children of 'model.atmosync.stg_commodity' to be skipped because of status 'error'.  Reason: Database Error in model stg_commodity (models\stg_commodity.sql)
  002003 (42S02): SQL compilation error:
  Object 'ATMOSYNC_DB.RAW_DATA.COMMODITY_PRICE' does not exist or not authorized.
  compiled code at target\run\atmosync\models\stg_commodity.sql.
[0m01:21:04.250996 [info ] [Thread-2 (]: 2 of 3 START sql view model RAW_DATA.stg_sensor_data ........................... [RUN]
[0m01:21:04.254972 [debug] [Thread-2 (]: Re-using an available connection from the pool (formerly model.atmosync.stg_commodity, now model.atmosync.stg_sensor_data)
[0m01:21:04.256721 [debug] [Thread-2 (]: Began compiling node model.atmosync.stg_sensor_data
[0m01:21:04.260918 [debug] [Thread-2 (]: Writing injected SQL for node "model.atmosync.stg_sensor_data"
[0m01:21:04.262832 [debug] [Thread-2 (]: Began executing node model.atmosync.stg_sensor_data
[0m01:21:04.267869 [debug] [Thread-2 (]: Writing runtime sql for node "model.atmosync.stg_sensor_data"
[0m01:21:04.272698 [debug] [Thread-2 (]: Using snowflake connection "model.atmosync.stg_sensor_data"
[0m01:21:04.274070 [debug] [Thread-2 (]: On model.atmosync.stg_sensor_data: create or replace   view ATMOSYNC_DB.RAW_DATA.stg_sensor_data
  
  
  
  
  as (
    SELECT

container_id,

commodity,

location,

temperature,

humidity,

vibration,

battery_level,

sensor_status,

event_time

FROM ATMOSYNC_DB.RAW_DATA.CONTAINER_SENSOR_DATA
  )
/* {"app": "dbt", "dbt_version": "1.12.0", "profile_name": "atmosync", "target_name": "dev", "node_id": "model.atmosync.stg_sensor_data"} */;
[0m01:21:04.537285 [debug] [Thread-2 (]: SQL status: SUCCESS 1 in 0.262 seconds
[0m01:21:04.587810 [debug] [Thread-2 (]: Sending event: {'category': 'dbt', 'action': 'run_model', 'label': 'd7432dc0-a69d-4a02-aa20-3fe97ff26a50', 'context': [<snowplow_tracker.self_describing_json.SelfDescribingJson object at 0x000001E186134680>]}
[0m01:21:04.588804 [info ] [Thread-2 (]: 2 of 3 OK created sql view model RAW_DATA.stg_sensor_data ...................... [[32mSUCCESS 1[0m in 0.33s]
[0m01:21:04.590197 [debug] [Thread-2 (]: Finished running node model.atmosync.stg_sensor_data
[0m01:21:04.591465 [debug] [Thread-2 (]: Began running node model.atmosync.fact_container_data
[0m01:21:04.592140 [info ] [Thread-2 (]: 3 of 3 SKIP relation RAW_DATA.fact_container_data .............................. [[33mSKIP[0m]
[0m01:21:04.593116 [debug] [Thread-2 (]: Finished running node model.atmosync.fact_container_data
[0m01:21:04.595231 [debug] [MainThread]: Connection 'master' was properly closed.
[0m01:21:04.595770 [debug] [MainThread]: Connection 'list_ATMOSYNC_DB' was left open.
[0m01:21:04.596228 [debug] [MainThread]: On list_ATMOSYNC_DB: Close
[0m01:21:04.842429 [debug] [MainThread]: Connection 'list_ATMOSYNC_DB_RAW_DATA' was left open.
[0m01:21:04.843953 [debug] [MainThread]: On list_ATMOSYNC_DB_RAW_DATA: Close
[0m01:21:05.103500 [debug] [MainThread]: Connection 'model.atmosync.stg_sensor_data' was left open.
[0m01:21:05.104085 [debug] [MainThread]: On model.atmosync.stg_sensor_data: Close
[0m01:21:05.801635 [info ] [MainThread]: 
[0m01:21:05.803889 [info ] [MainThread]: Finished running 3 view models in 0 hours 0 minutes and 6.01 seconds (6.01s).
[0m01:21:05.808263 [debug] [MainThread]: Command end result
[0m01:21:05.879971 [debug] [MainThread]: Wrote artifact WritableManifest to C:\AtmoSync\dbt\target\manifest.json
[0m01:21:05.885847 [debug] [MainThread]: Wrote artifact SemanticManifest to C:\AtmoSync\dbt\target\semantic_manifest.json
[0m01:21:05.891658 [debug] [MainThread]: Wrote artifact OsiDocument to C:\AtmoSync\dbt\target\osi_document.json
[0m01:21:05.903783 [debug] [MainThread]: Wrote artifact RunExecutionResult to C:\AtmoSync\dbt\target\run_results.json
[0m01:21:05.904625 [info ] [MainThread]: 
[0m01:21:05.905497 [info ] [MainThread]: [31mCompleted with 1 error, 0 partial successes, and 0 warnings:[0m
[0m01:21:05.906321 [info ] [MainThread]: 
[0m01:21:05.907227 [error] [MainThread]: [[31mERROR[0m]: in model stg_commodity (models\stg_commodity.sql)
[0m01:21:05.908124 [error] [MainThread]:   Database Error in model stg_commodity (models\stg_commodity.sql)
  002003 (42S02): SQL compilation error:
  Object 'ATMOSYNC_DB.RAW_DATA.COMMODITY_PRICE' does not exist or not authorized.
  compiled code at target\run\atmosync\models\stg_commodity.sql
[0m01:21:05.908935 [info ] [MainThread]: 
[0m01:21:05.909760 [info ] [MainThread]:   compiled code at target\compiled\atmosync\models\stg_commodity.sql
[0m01:21:05.910465 [info ] [MainThread]: 
[0m01:21:05.911939 [info ] [MainThread]: Done. PASS=1 WARN=0 ERROR=1 SKIP=1 NO-OP=0 REUSED=0 TOTAL=3
[0m01:21:05.915138 [debug] [MainThread]: Command `dbt run` failed at 01:21:05.914665 after 10.56 seconds
[0m01:21:05.916537 [debug] [MainThread]: Sending event: {'category': 'dbt', 'action': 'invocation', 'label': 'end', 'context': [<snowplow_tracker.self_describing_json.SelfDescribingJson object at 0x000001E1860CFE30>, <snowplow_tracker.self_describing_json.SelfDescribingJson object at 0x000001E185F93260>, <snowplow_tracker.self_describing_json.SelfDescribingJson object at 0x000001E184BAFB50>]}
[0m01:21:05.917629 [debug] [MainThread]: Flushing usage events
[0m01:21:08.157023 [debug] [MainThread]: An error was encountered while trying to flush usage events
[0m01:25:42.235415 [debug] [MainThread]: Sending event: {'category': 'dbt', 'action': 'invocation', 'label': 'start', 'context': [<snowplow_tracker.self_describing_json.SelfDescribingJson object at 0x000002203EAE1550>, <snowplow_tracker.self_describing_json.SelfDescribingJson object at 0x00000220410AFED0>, <snowplow_tracker.self_describing_json.SelfDescribingJson object at 0x00000220410AFB10>]}


============================== 01:25:42.242896 | bb74b0de-767c-41f4-a053-587753125f7f ==============================
[0m01:25:42.242896 [info ] [MainThread]: Running with dbt=1.12.0
[0m01:25:42.244049 [debug] [MainThread]: running dbt with arguments {'static_parser': 'True', 'no_print': 'None', 'maximum_seed_size_mib': '1', 'warn_error_options': 'WarnErrorOptionsV2(error=[], warn=[], silence=[])', 'version_check': 'True', 'target_path': 'None', 'printer_width': '80', 'write_json': 'True', 'empty': 'False', 'log_cache_events': 'False', 'introspect': 'True', 'cache_selected_only': 'False', 'fail_fast': 'False', 'debug': 'False', 'log_format': 'default', 'profiles_dir': 'C:\\AtmoSync\\dbt', 'send_anonymous_usage_stats': 'True', 'quiet': 'False', 'warn_error': 'None', 'partial_parse': 'True', 'invocation_command': 'dbt run', 'hints_enabled': 'True', 'use_colors': 'True', 'use_experimental_parser': 'False', 'indirect_selection': 'eager', 'log_path': 'C:\\AtmoSync\\dbt\\logs'}
[0m01:25:43.809127 [debug] [MainThread]: Snowflake adapter: Setting snowflake.connector to ERROR (file logging only)
[0m01:25:43.809827 [debug] [MainThread]: Snowflake adapter: Setting botocore to ERROR (file logging only)
[0m01:25:43.810358 [debug] [MainThread]: Snowflake adapter: Setting boto3 to ERROR (file logging only)
[0m01:25:44.500841 [debug] [MainThread]: Sending event: {'category': 'dbt', 'action': 'project_id', 'label': 'bb74b0de-767c-41f4-a053-587753125f7f', 'context': [<snowplow_tracker.self_describing_json.SelfDescribingJson object at 0x000002203EFC6780>]}
[0m01:25:44.611023 [debug] [MainThread]: Sending event: {'category': 'dbt', 'action': 'adapter_info', 'label': 'bb74b0de-767c-41f4-a053-587753125f7f', 'context': [<snowplow_tracker.self_describing_json.SelfDescribingJson object at 0x000002204C81FF00>]}
[0m01:25:44.613468 [info ] [MainThread]: Registered adapter: snowflake=1.12.0
[0m01:25:45.363976 [debug] [MainThread]: checksum: 15948c77f26fc04b93f8c33c7d3d95880cdcb8b78a46bd5069b548daa14b9be5, vars: {}, profile: atmosync, target: dev, version: 1.12.0
[0m01:25:45.628070 [debug] [MainThread]: Partial parsing enabled: 0 files deleted, 0 files added, 1 files changed.
[0m01:25:45.629256 [debug] [MainThread]: Partial parsing: updated file: atmosync://models\sources.yml
[0m01:25:46.223888 [error] [MainThread]: [[31mERROR[0m]: Encountered an error:
Compilation Error
  Model 'model.atmosync.stg_sensor_data' (models\stg_sensor_data.sql) depends on a source named 'RAW_DATA.CONTAINER_SENSOR_DATA' which was not found
[0m01:25:46.225697 [debug] [MainThread]: Command `dbt run` failed at 01:25:46.225463 after 4.28 seconds
[0m01:25:46.226496 [debug] [MainThread]: Sending event: {'category': 'dbt', 'action': 'invocation', 'label': 'end', 'context': [<snowplow_tracker.self_describing_json.SelfDescribingJson object at 0x000002204D0CC350>, <snowplow_tracker.self_describing_json.SelfDescribingJson object at 0x000002204D0CC150>, <snowplow_tracker.self_describing_json.SelfDescribingJson object at 0x000002204D044C80>]}
[0m01:25:46.227087 [debug] [MainThread]: Flushing usage events
[0m01:25:48.362612 [debug] [MainThread]: An error was encountered while trying to flush usage events
[0m01:29:30.949357 [debug] [MainThread]: Sending event: {'category': 'dbt', 'action': 'invocation', 'label': 'start', 'context': [<snowplow_tracker.self_describing_json.SelfDescribingJson object at 0x00000293FAD0D550>, <snowplow_tracker.self_describing_json.SelfDescribingJson object at 0x00000293FD2D7ED0>, <snowplow_tracker.self_describing_json.SelfDescribingJson object at 0x00000293FD2D7B10>]}


============================== 01:29:30.956848 | 946c4650-4ed1-40a3-9ebc-d02bd0b48aff ==============================
[0m01:29:30.956848 [info ] [MainThread]: Running with dbt=1.12.0
[0m01:29:30.958072 [debug] [MainThread]: running dbt with arguments {'maximum_seed_size_mib': '1', 'no_print': 'None', 'static_parser': 'True', 'warn_error_options': 'WarnErrorOptionsV2(error=[], warn=[], silence=[])', 'target_path': 'None', 'version_check': 'True', 'printer_width': '80', 'write_json': 'True', 'introspect': 'True', 'log_cache_events': 'False', 'empty': 'False', 'cache_selected_only': 'False', 'log_format': 'default', 'debug': 'False', 'fail_fast': 'False', 'partial_parse': 'True', 'send_anonymous_usage_stats': 'True', 'quiet': 'False', 'warn_error': 'None', 'profiles_dir': 'C:\\AtmoSync\\dbt', 'indirect_selection': 'eager', 'hints_enabled': 'True', 'use_colors': 'True', 'use_experimental_parser': 'False', 'invocation_command': 'dbt run', 'log_path': 'C:\\AtmoSync\\dbt\\logs'}
[0m01:29:32.789172 [debug] [MainThread]: Snowflake adapter: Setting snowflake.connector to ERROR (file logging only)
[0m01:29:32.789911 [debug] [MainThread]: Snowflake adapter: Setting botocore to ERROR (file logging only)
[0m01:29:32.790719 [debug] [MainThread]: Snowflake adapter: Setting boto3 to ERROR (file logging only)
[0m01:29:33.364400 [debug] [MainThread]: Sending event: {'category': 'dbt', 'action': 'project_id', 'label': '946c4650-4ed1-40a3-9ebc-d02bd0b48aff', 'context': [<snowplow_tracker.self_describing_json.SelfDescribingJson object at 0x00000293FB1F6780>]}
[0m01:29:33.488171 [debug] [MainThread]: Sending event: {'category': 'dbt', 'action': 'adapter_info', 'label': '946c4650-4ed1-40a3-9ebc-d02bd0b48aff', 'context': [<snowplow_tracker.self_describing_json.SelfDescribingJson object at 0x0000029388A7BF00>]}
[0m01:29:33.490593 [info ] [MainThread]: Registered adapter: snowflake=1.12.0
[0m01:29:34.403395 [debug] [MainThread]: checksum: 15948c77f26fc04b93f8c33c7d3d95880cdcb8b78a46bd5069b548daa14b9be5, vars: {}, profile: atmosync, target: dev, version: 1.12.0
[0m01:29:34.682559 [debug] [MainThread]: Partial parsing enabled: 0 files deleted, 0 files added, 3 files changed.
[0m01:29:34.683835 [debug] [MainThread]: Partial parsing: updated file: atmosync://models\sources.yml
[0m01:29:34.685088 [debug] [MainThread]: Partial parsing: updated file: atmosync://models\stg_commodity.sql
[0m01:29:34.686414 [debug] [MainThread]: Partial parsing: updated file: atmosync://models\stg_sensor_data.sql
[0m01:29:35.524389 [debug] [MainThread]: Sending event: {'category': 'dbt', 'action': 'load_project', 'label': '946c4650-4ed1-40a3-9ebc-d02bd0b48aff', 'context': [<snowplow_tracker.self_describing_json.SelfDescribingJson object at 0x0000029389328A50>]}
[0m01:29:35.669030 [debug] [MainThread]: Wrote artifact WritableManifest to C:\AtmoSync\dbt\target\manifest.json
[0m01:29:35.674939 [debug] [MainThread]: Wrote artifact SemanticManifest to C:\AtmoSync\dbt\target\semantic_manifest.json
[0m01:29:35.733090 [debug] [MainThread]: Wrote artifact OsiDocument to C:\AtmoSync\dbt\target\osi_document.json
[0m01:29:35.756625 [debug] [MainThread]: Sending event: {'category': 'dbt', 'action': 'resource_counts', 'label': '946c4650-4ed1-40a3-9ebc-d02bd0b48aff', 'context': [<snowplow_tracker.self_describing_json.SelfDescribingJson object at 0x00000293892A54F0>]}
[0m01:29:35.757488 [info ] [MainThread]: Found 3 models, 2 sources, 545 macros
[0m01:29:35.758438 [debug] [MainThread]: Sending event: {'category': 'dbt', 'action': 'runnable_timing', 'label': '946c4650-4ed1-40a3-9ebc-d02bd0b48aff', 'context': [<snowplow_tracker.self_describing_json.SelfDescribingJson object at 0x00000293893952B0>]}
[0m01:29:35.761416 [info ] [MainThread]: 
[0m01:29:35.762390 [info ] [MainThread]: Concurrency: 1 threads (target='dev')
[0m01:29:35.763340 [info ] [MainThread]: 
[0m01:29:35.765304 [debug] [MainThread]: Acquiring new snowflake connection 'master'
[0m01:29:35.774793 [debug] [ThreadPool]: Acquiring new snowflake connection 'list_ATMOSYNC_DB'
[0m01:29:35.804617 [debug] [ThreadPool]: Using snowflake connection "list_ATMOSYNC_DB"
[0m01:29:35.805193 [debug] [ThreadPool]: On list_ATMOSYNC_DB: show terse schemas in database ATMOSYNC_DB
    limit 10000
/* {"app": "dbt", "dbt_version": "1.12.0", "profile_name": "atmosync", "target_name": "dev", "connection_name": "list_ATMOSYNC_DB"} */
[0m01:29:35.805757 [debug] [ThreadPool]: Opening a new connection, currently in state init
[0m01:29:37.319109 [debug] [ThreadPool]: SQL status: SUCCESS 3 in 1.513 seconds
[0m01:29:37.325108 [debug] [ThreadPool]: Acquiring new snowflake connection 'list_ATMOSYNC_DB_RAW_DATA'
[0m01:29:37.358745 [debug] [ThreadPool]: Using snowflake connection "list_ATMOSYNC_DB_RAW_DATA"
[0m01:29:37.359877 [debug] [ThreadPool]: On list_ATMOSYNC_DB_RAW_DATA: show objects in ATMOSYNC_DB.RAW_DATA
    limit 10000
    

/* {"app": "dbt", "dbt_version": "1.12.0", "profile_name": "atmosync", "target_name": "dev", "connection_name": "list_ATMOSYNC_DB_RAW_DATA"} */;
[0m01:29:37.360561 [debug] [ThreadPool]: Opening a new connection, currently in state init
[0m01:29:38.236482 [debug] [ThreadPool]: SQL status: SUCCESS 2 in 0.876 seconds
[0m01:29:38.248383 [debug] [ThreadPool]: Using snowflake connection "list_ATMOSYNC_DB_RAW_DATA"
[0m01:29:38.248983 [debug] [ThreadPool]: On list_ATMOSYNC_DB_RAW_DATA: show user functions in ATMOSYNC_DB.RAW_DATA
/* {"app": "dbt", "dbt_version": "1.12.0", "profile_name": "atmosync", "target_name": "dev", "connection_name": "list_ATMOSYNC_DB_RAW_DATA"} */
[0m01:29:38.481420 [debug] [ThreadPool]: SQL status: SUCCESS 0 in 0.232 seconds
[0m01:29:38.484893 [debug] [MainThread]: Sending event: {'category': 'dbt', 'action': 'runnable_timing', 'label': '946c4650-4ed1-40a3-9ebc-d02bd0b48aff', 'context': [<snowplow_tracker.self_describing_json.SelfDescribingJson object at 0x00000293893BA340>]}
[0m01:29:38.491185 [debug] [Thread-2 (]: Began running node model.atmosync.stg_commodity
[0m01:29:38.492028 [info ] [Thread-2 (]: 1 of 3 START sql view model RAW_DATA.stg_commodity ............................. [RUN]
[0m01:29:38.493322 [debug] [Thread-2 (]: Acquiring new snowflake connection 'model.atmosync.stg_commodity'
[0m01:29:38.494064 [debug] [Thread-2 (]: Began compiling node model.atmosync.stg_commodity
[0m01:29:38.504045 [debug] [Thread-2 (]: Writing injected SQL for node "model.atmosync.stg_commodity"
[0m01:29:38.505762 [debug] [Thread-2 (]: Began executing node model.atmosync.stg_commodity
[0m01:29:38.558614 [debug] [Thread-2 (]: Writing runtime sql for node "model.atmosync.stg_commodity"
[0m01:29:38.561582 [debug] [Thread-2 (]: Using snowflake connection "model.atmosync.stg_commodity"
[0m01:29:38.563553 [debug] [Thread-2 (]: On model.atmosync.stg_commodity: create or replace   view ATMOSYNC_DB.RAW_DATA.stg_commodity
  
  
  
  
  as (
    SELECT

commodity,

market,

price,

updated_time

FROM ATMOSYNC_DB.RAW_DATA.container_sensor_data
  )
/* {"app": "dbt", "dbt_version": "1.12.0", "profile_name": "atmosync", "target_name": "dev", "node_id": "model.atmosync.stg_commodity"} */;
[0m01:29:38.564336 [debug] [Thread-2 (]: Opening a new connection, currently in state init
[0m01:29:39.241613 [debug] [Thread-2 (]: Snowflake adapter: Snowflake query id: 01c5fecf-3203-049b-0017-a0120010a056
[0m01:29:39.242907 [debug] [Thread-2 (]: Snowflake adapter: Snowflake error: 000904 (42000): SQL compilation error: error line 11 at position 0
invalid identifier 'MARKET'
[0m01:29:39.261253 [debug] [Thread-2 (]: Database Error in model stg_commodity (models\stg_commodity.sql)
  000904 (42000): SQL compilation error: error line 11 at position 0
  invalid identifier 'MARKET'
  compiled code at target\run\atmosync\models\stg_commodity.sql
[0m01:29:39.265826 [debug] [Thread-2 (]: Sending event: {'category': 'dbt', 'action': 'run_model', 'label': '946c4650-4ed1-40a3-9ebc-d02bd0b48aff', 'context': [<snowplow_tracker.self_describing_json.SelfDescribingJson object at 0x000002938A4E6A50>]}
[0m01:29:39.266937 [error] [Thread-2 (]: 1 of 3 ERROR creating sql view model RAW_DATA.stg_commodity .................... [[31mERROR[0m in 0.77s]
[0m01:29:39.268270 [debug] [Thread-2 (]: Finished running node model.atmosync.stg_commodity
[0m01:29:39.268953 [debug] [Thread-2 (]: Began running node model.atmosync.stg_sensor_data
[0m01:29:39.270694 [debug] [Thread-5 (]: Marking all children of 'model.atmosync.stg_commodity' to be skipped because of status 'error'.  Reason: Database Error in model stg_commodity (models\stg_commodity.sql)
  000904 (42000): SQL compilation error: error line 11 at position 0
  invalid identifier 'MARKET'
  compiled code at target\run\atmosync\models\stg_commodity.sql.
[0m01:29:39.269724 [info ] [Thread-2 (]: 2 of 3 START sql view model RAW_DATA.stg_sensor_data ........................... [RUN]
[0m01:29:39.272722 [debug] [Thread-2 (]: Re-using an available connection from the pool (formerly model.atmosync.stg_commodity, now model.atmosync.stg_sensor_data)
[0m01:29:39.273384 [debug] [Thread-2 (]: Began compiling node model.atmosync.stg_sensor_data
[0m01:29:39.276193 [debug] [Thread-2 (]: Writing injected SQL for node "model.atmosync.stg_sensor_data"
[0m01:29:39.278024 [debug] [Thread-2 (]: Began executing node model.atmosync.stg_sensor_data
[0m01:29:39.284010 [debug] [Thread-2 (]: Writing runtime sql for node "model.atmosync.stg_sensor_data"
[0m01:29:39.286417 [debug] [Thread-2 (]: Using snowflake connection "model.atmosync.stg_sensor_data"
[0m01:29:39.287124 [debug] [Thread-2 (]: On model.atmosync.stg_sensor_data: create or replace   view ATMOSYNC_DB.RAW_DATA.stg_sensor_data
  
  
  
  
  as (
    SELECT

container_id,

commodity,

location,

temperature,

humidity,

vibration,

battery_level,

sensor_status,

event_time

FROM ATMOSYNC_DB.RAW_DATA.container_sensor_data
  )
/* {"app": "dbt", "dbt_version": "1.12.0", "profile_name": "atmosync", "target_name": "dev", "node_id": "model.atmosync.stg_sensor_data"} */;
[0m01:29:39.550919 [debug] [Thread-2 (]: SQL status: SUCCESS 1 in 0.263 seconds
[0m01:29:39.587716 [debug] [Thread-2 (]: Sending event: {'category': 'dbt', 'action': 'run_model', 'label': '946c4650-4ed1-40a3-9ebc-d02bd0b48aff', 'context': [<snowplow_tracker.self_describing_json.SelfDescribingJson object at 0x000002938A6F4680>]}
[0m01:29:39.588721 [info ] [Thread-2 (]: 2 of 3 OK created sql view model RAW_DATA.stg_sensor_data ...................... [[32mSUCCESS 1[0m in 0.32s]
[0m01:29:39.590232 [debug] [Thread-2 (]: Finished running node model.atmosync.stg_sensor_data
[0m01:29:39.591603 [debug] [Thread-2 (]: Began running node model.atmosync.fact_container_data
[0m01:29:39.592474 [info ] [Thread-2 (]: 3 of 3 SKIP relation RAW_DATA.fact_container_data .............................. [[33mSKIP[0m]
[0m01:29:39.593537 [debug] [Thread-2 (]: Finished running node model.atmosync.fact_container_data
[0m01:29:39.595741 [debug] [MainThread]: Connection 'master' was properly closed.
[0m01:29:39.596283 [debug] [MainThread]: Connection 'list_ATMOSYNC_DB' was left open.
[0m01:29:39.596780 [debug] [MainThread]: On list_ATMOSYNC_DB: Close
[0m01:29:39.832647 [debug] [MainThread]: Connection 'list_ATMOSYNC_DB_RAW_DATA' was left open.
[0m01:29:39.834225 [debug] [MainThread]: On list_ATMOSYNC_DB_RAW_DATA: Close
[0m01:29:40.103834 [debug] [MainThread]: Connection 'model.atmosync.stg_sensor_data' was left open.
[0m01:29:40.104594 [debug] [MainThread]: On model.atmosync.stg_sensor_data: Close
[0m01:29:40.370942 [info ] [MainThread]: 
[0m01:29:40.373621 [info ] [MainThread]: Finished running 3 view models in 0 hours 0 minutes and 4.61 seconds (4.61s).
[0m01:29:40.381056 [debug] [MainThread]: Command end result
[0m01:29:40.457199 [debug] [MainThread]: Wrote artifact WritableManifest to C:\AtmoSync\dbt\target\manifest.json
[0m01:29:40.462889 [debug] [MainThread]: Wrote artifact SemanticManifest to C:\AtmoSync\dbt\target\semantic_manifest.json
[0m01:29:40.468609 [debug] [MainThread]: Wrote artifact OsiDocument to C:\AtmoSync\dbt\target\osi_document.json
[0m01:29:40.480041 [debug] [MainThread]: Wrote artifact RunExecutionResult to C:\AtmoSync\dbt\target\run_results.json
[0m01:29:40.480908 [info ] [MainThread]: 
[0m01:29:40.481803 [info ] [MainThread]: [31mCompleted with 1 error, 0 partial successes, and 0 warnings:[0m
[0m01:29:40.482711 [info ] [MainThread]: 
[0m01:29:40.483711 [error] [MainThread]: [[31mERROR[0m]: in model stg_commodity (models\stg_commodity.sql)
[0m01:29:40.484787 [error] [MainThread]:   Database Error in model stg_commodity (models\stg_commodity.sql)
  000904 (42000): SQL compilation error: error line 11 at position 0
  invalid identifier 'MARKET'
  compiled code at target\run\atmosync\models\stg_commodity.sql
[0m01:29:40.485673 [info ] [MainThread]: 
[0m01:29:40.486619 [info ] [MainThread]:   compiled code at target\compiled\atmosync\models\stg_commodity.sql
[0m01:29:40.487898 [info ] [MainThread]: 
[0m01:29:40.488822 [info ] [MainThread]: Done. PASS=1 WARN=0 ERROR=1 SKIP=1 NO-OP=0 REUSED=0 TOTAL=3
[0m01:29:40.490463 [debug] [MainThread]: Command `dbt run` failed at 01:29:40.490228 after 9.85 seconds
[0m01:29:40.491087 [debug] [MainThread]: Sending event: {'category': 'dbt', 'action': 'invocation', 'label': 'end', 'context': [<snowplow_tracker.self_describing_json.SelfDescribingJson object at 0x000002938A68FE30>, <snowplow_tracker.self_describing_json.SelfDescribingJson object at 0x000002938A55F9B0>, <snowplow_tracker.self_describing_json.SelfDescribingJson object at 0x000002938923F9D0>]}
[0m01:29:40.491677 [debug] [MainThread]: Flushing usage events
[0m01:29:42.576261 [debug] [MainThread]: An error was encountered while trying to flush usage events
[0m01:31:17.401184 [debug] [MainThread]: Sending event: {'category': 'dbt', 'action': 'invocation', 'label': 'start', 'context': [<snowplow_tracker.self_describing_json.SelfDescribingJson object at 0x00000256C6F3D550>, <snowplow_tracker.self_describing_json.SelfDescribingJson object at 0x00000256C950FED0>, <snowplow_tracker.self_describing_json.SelfDescribingJson object at 0x00000256C950FB10>]}


============================== 01:31:17.409269 | 48dc1789-795c-4940-827b-e383a96c733f ==============================
[0m01:31:17.409269 [info ] [MainThread]: Running with dbt=1.12.0
[0m01:31:17.410418 [debug] [MainThread]: running dbt with arguments {'version_check': 'True', 'no_print': 'None', 'maximum_seed_size_mib': '1', 'target_path': 'None', 'static_parser': 'True', 'warn_error_options': 'WarnErrorOptionsV2(error=[], warn=[], silence=[])', 'printer_width': '80', 'write_json': 'True', 'empty': 'False', 'log_cache_events': 'False', 'introspect': 'True', 'cache_selected_only': 'False', 'log_format': 'default', 'debug': 'False', 'fail_fast': 'False', 'partial_parse': 'True', 'send_anonymous_usage_stats': 'True', 'quiet': 'False', 'warn_error': 'None', 'profiles_dir': 'C:\\AtmoSync\\dbt', 'indirect_selection': 'eager', 'hints_enabled': 'True', 'invocation_command': 'dbt run', 'use_experimental_parser': 'False', 'use_colors': 'True', 'log_path': 'C:\\AtmoSync\\dbt\\logs'}
[0m01:31:19.980663 [debug] [MainThread]: Snowflake adapter: Setting snowflake.connector to ERROR (file logging only)
[0m01:31:19.982490 [debug] [MainThread]: Snowflake adapter: Setting botocore to ERROR (file logging only)
[0m01:31:19.985654 [debug] [MainThread]: Snowflake adapter: Setting boto3 to ERROR (file logging only)
[0m01:31:20.741857 [debug] [MainThread]: Sending event: {'category': 'dbt', 'action': 'project_id', 'label': '48dc1789-795c-4940-827b-e383a96c733f', 'context': [<snowplow_tracker.self_describing_json.SelfDescribingJson object at 0x00000256C7426780>]}
[0m01:31:20.862761 [debug] [MainThread]: Sending event: {'category': 'dbt', 'action': 'adapter_info', 'label': '48dc1789-795c-4940-827b-e383a96c733f', 'context': [<snowplow_tracker.self_describing_json.SelfDescribingJson object at 0x00000256D4C3FF00>]}
[0m01:31:20.865253 [info ] [MainThread]: Registered adapter: snowflake=1.12.0
[0m01:31:21.673332 [debug] [MainThread]: checksum: 15948c77f26fc04b93f8c33c7d3d95880cdcb8b78a46bd5069b548daa14b9be5, vars: {}, profile: atmosync, target: dev, version: 1.12.0
[0m01:31:21.963732 [debug] [MainThread]: Partial parsing enabled: 0 files deleted, 0 files added, 1 files changed.
[0m01:31:21.964567 [debug] [MainThread]: Partial parsing: updated file: atmosync://models\stg_commodity.sql
[0m01:31:22.461714 [debug] [MainThread]: Sending event: {'category': 'dbt', 'action': 'load_project', 'label': '48dc1789-795c-4940-827b-e383a96c733f', 'context': [<snowplow_tracker.self_describing_json.SelfDescribingJson object at 0x00000256D5025F50>]}
[0m01:31:22.637709 [debug] [MainThread]: Wrote artifact WritableManifest to C:\AtmoSync\dbt\target\manifest.json
[0m01:31:22.644881 [debug] [MainThread]: Wrote artifact SemanticManifest to C:\AtmoSync\dbt\target\semantic_manifest.json
[0m01:31:22.701973 [debug] [MainThread]: Wrote artifact OsiDocument to C:\AtmoSync\dbt\target\osi_document.json
[0m01:31:22.725779 [debug] [MainThread]: Sending event: {'category': 'dbt', 'action': 'resource_counts', 'label': '48dc1789-795c-4940-827b-e383a96c733f', 'context': [<snowplow_tracker.self_describing_json.SelfDescribingJson object at 0x00000256D54689B0>]}
[0m01:31:22.727043 [info ] [MainThread]: Found 3 models, 2 sources, 545 macros
[0m01:31:22.728325 [debug] [MainThread]: Sending event: {'category': 'dbt', 'action': 'runnable_timing', 'label': '48dc1789-795c-4940-827b-e383a96c733f', 'context': [<snowplow_tracker.self_describing_json.SelfDescribingJson object at 0x00000256D5434830>]}
[0m01:31:22.731445 [info ] [MainThread]: 
[0m01:31:22.732592 [info ] [MainThread]: Concurrency: 1 threads (target='dev')
[0m01:31:22.733555 [info ] [MainThread]: 
[0m01:31:22.735918 [debug] [MainThread]: Acquiring new snowflake connection 'master'
[0m01:31:22.748181 [debug] [ThreadPool]: Acquiring new snowflake connection 'list_ATMOSYNC_DB'
[0m01:31:22.771646 [debug] [ThreadPool]: Using snowflake connection "list_ATMOSYNC_DB"
[0m01:31:22.772222 [debug] [ThreadPool]: On list_ATMOSYNC_DB: show terse schemas in database ATMOSYNC_DB
    limit 10000
/* {"app": "dbt", "dbt_version": "1.12.0", "profile_name": "atmosync", "target_name": "dev", "connection_name": "list_ATMOSYNC_DB"} */
[0m01:31:22.772913 [debug] [ThreadPool]: Opening a new connection, currently in state init
[0m01:31:24.107159 [debug] [ThreadPool]: SQL status: SUCCESS 3 in 1.334 seconds
[0m01:31:24.118951 [debug] [ThreadPool]: Acquiring new snowflake connection 'list_ATMOSYNC_DB_RAW_DATA'
[0m01:31:24.158213 [debug] [ThreadPool]: Using snowflake connection "list_ATMOSYNC_DB_RAW_DATA"
[0m01:31:24.159198 [debug] [ThreadPool]: On list_ATMOSYNC_DB_RAW_DATA: show objects in ATMOSYNC_DB.RAW_DATA
    limit 10000
    

/* {"app": "dbt", "dbt_version": "1.12.0", "profile_name": "atmosync", "target_name": "dev", "connection_name": "list_ATMOSYNC_DB_RAW_DATA"} */;
[0m01:31:24.160029 [debug] [ThreadPool]: Opening a new connection, currently in state init
[0m01:31:25.234970 [debug] [ThreadPool]: SQL status: SUCCESS 2 in 1.075 seconds
[0m01:31:25.255991 [debug] [ThreadPool]: Using snowflake connection "list_ATMOSYNC_DB_RAW_DATA"
[0m01:31:25.257485 [debug] [ThreadPool]: On list_ATMOSYNC_DB_RAW_DATA: show user functions in ATMOSYNC_DB.RAW_DATA
/* {"app": "dbt", "dbt_version": "1.12.0", "profile_name": "atmosync", "target_name": "dev", "connection_name": "list_ATMOSYNC_DB_RAW_DATA"} */
[0m01:31:25.477432 [debug] [ThreadPool]: SQL status: SUCCESS 0 in 0.219 seconds
[0m01:31:25.486693 [debug] [MainThread]: Sending event: {'category': 'dbt', 'action': 'runnable_timing', 'label': '48dc1789-795c-4940-827b-e383a96c733f', 'context': [<snowplow_tracker.self_describing_json.SelfDescribingJson object at 0x00000256D558F5F0>]}
[0m01:31:25.502854 [debug] [Thread-2 (]: Began running node model.atmosync.stg_commodity
[0m01:31:25.504862 [info ] [Thread-2 (]: 1 of 3 START sql view model RAW_DATA.stg_commodity ............................. [RUN]
[0m01:31:25.507991 [debug] [Thread-2 (]: Acquiring new snowflake connection 'model.atmosync.stg_commodity'
[0m01:31:25.509815 [debug] [Thread-2 (]: Began compiling node model.atmosync.stg_commodity
[0m01:31:25.526265 [debug] [Thread-2 (]: Writing injected SQL for node "model.atmosync.stg_commodity"
[0m01:31:25.529302 [debug] [Thread-2 (]: Began executing node model.atmosync.stg_commodity
[0m01:31:25.580614 [debug] [Thread-2 (]: Writing runtime sql for node "model.atmosync.stg_commodity"
[0m01:31:25.583390 [debug] [Thread-2 (]: Using snowflake connection "model.atmosync.stg_commodity"
[0m01:31:25.584057 [debug] [Thread-2 (]: On model.atmosync.stg_commodity: create or replace   view ATMOSYNC_DB.RAW_DATA.stg_commodity
  
  
  
  
  as (
    SELECT

commodity,

market,

price,

updated_time

FROM ATMOSYNC_DB.RAW_DATA.commodity_price
  )
/* {"app": "dbt", "dbt_version": "1.12.0", "profile_name": "atmosync", "target_name": "dev", "node_id": "model.atmosync.stg_commodity"} */;
[0m01:31:25.584637 [debug] [Thread-2 (]: Opening a new connection, currently in state init
[0m01:31:26.860406 [debug] [Thread-2 (]: Snowflake adapter: Snowflake query id: 01c5fed1-3203-03e2-0017-a012001080e6
[0m01:31:26.862209 [debug] [Thread-2 (]: Snowflake adapter: Snowflake error: 002003 (42S02): SQL compilation error:
Object 'ATMOSYNC_DB.RAW_DATA.COMMODITY_PRICE' does not exist or not authorized.
[0m01:31:26.886284 [debug] [Thread-2 (]: Database Error in model stg_commodity (models\stg_commodity.sql)
  002003 (42S02): SQL compilation error:
  Object 'ATMOSYNC_DB.RAW_DATA.COMMODITY_PRICE' does not exist or not authorized.
  compiled code at target\run\atmosync\models\stg_commodity.sql
[0m01:31:26.890725 [debug] [Thread-2 (]: Sending event: {'category': 'dbt', 'action': 'run_model', 'label': '48dc1789-795c-4940-827b-e383a96c733f', 'context': [<snowplow_tracker.self_describing_json.SelfDescribingJson object at 0x00000256D546F1D0>]}
[0m01:31:26.892027 [error] [Thread-2 (]: 1 of 3 ERROR creating sql view model RAW_DATA.stg_commodity .................... [[31mERROR[0m in 1.38s]
[0m01:31:26.893597 [debug] [Thread-2 (]: Finished running node model.atmosync.stg_commodity
[0m01:31:26.894309 [debug] [Thread-2 (]: Began running node model.atmosync.stg_sensor_data
[0m01:31:26.896073 [debug] [Thread-5 (]: Marking all children of 'model.atmosync.stg_commodity' to be skipped because of status 'error'.  Reason: Database Error in model stg_commodity (models\stg_commodity.sql)
  002003 (42S02): SQL compilation error:
  Object 'ATMOSYNC_DB.RAW_DATA.COMMODITY_PRICE' does not exist or not authorized.
  compiled code at target\run\atmosync\models\stg_commodity.sql.
[0m01:31:26.895050 [info ] [Thread-2 (]: 2 of 3 START sql view model RAW_DATA.stg_sensor_data ........................... [RUN]
[0m01:31:26.898218 [debug] [Thread-2 (]: Re-using an available connection from the pool (formerly model.atmosync.stg_commodity, now model.atmosync.stg_sensor_data)
[0m01:31:26.898865 [debug] [Thread-2 (]: Began compiling node model.atmosync.stg_sensor_data
[0m01:31:26.901548 [debug] [Thread-2 (]: Writing injected SQL for node "model.atmosync.stg_sensor_data"
[0m01:31:26.903415 [debug] [Thread-2 (]: Began executing node model.atmosync.stg_sensor_data
[0m01:31:26.911730 [debug] [Thread-2 (]: Writing runtime sql for node "model.atmosync.stg_sensor_data"
[0m01:31:26.914246 [debug] [Thread-2 (]: Using snowflake connection "model.atmosync.stg_sensor_data"
[0m01:31:26.914931 [debug] [Thread-2 (]: On model.atmosync.stg_sensor_data: create or replace   view ATMOSYNC_DB.RAW_DATA.stg_sensor_data
  
  
  
  
  as (
    SELECT

container_id,

commodity,

location,

temperature,

humidity,

vibration,

battery_level,

sensor_status,

event_time

FROM ATMOSYNC_DB.RAW_DATA.container_sensor_data
  )
/* {"app": "dbt", "dbt_version": "1.12.0", "profile_name": "atmosync", "target_name": "dev", "node_id": "model.atmosync.stg_sensor_data"} */;
[0m01:31:27.282039 [debug] [Thread-2 (]: SQL status: SUCCESS 1 in 0.366 seconds
[0m01:31:27.340561 [debug] [Thread-2 (]: Sending event: {'category': 'dbt', 'action': 'run_model', 'label': '48dc1789-795c-4940-827b-e383a96c733f', 'context': [<snowplow_tracker.self_describing_json.SelfDescribingJson object at 0x00000256D65E3C20>]}
[0m01:31:27.341568 [info ] [Thread-2 (]: 2 of 3 OK created sql view model RAW_DATA.stg_sensor_data ...................... [[32mSUCCESS 1[0m in 0.44s]
[0m01:31:27.343097 [debug] [Thread-2 (]: Finished running node model.atmosync.stg_sensor_data
[0m01:31:27.344488 [debug] [Thread-2 (]: Began running node model.atmosync.fact_container_data
[0m01:31:27.345250 [info ] [Thread-2 (]: 3 of 3 SKIP relation RAW_DATA.fact_container_data .............................. [[33mSKIP[0m]
[0m01:31:27.346327 [debug] [Thread-2 (]: Finished running node model.atmosync.fact_container_data
[0m01:31:27.348413 [debug] [MainThread]: Connection 'master' was properly closed.
[0m01:31:27.348933 [debug] [MainThread]: Connection 'list_ATMOSYNC_DB' was left open.
[0m01:31:27.349515 [debug] [MainThread]: On list_ATMOSYNC_DB: Close
[0m01:31:27.796415 [debug] [MainThread]: Connection 'list_ATMOSYNC_DB_RAW_DATA' was left open.
[0m01:31:27.802559 [debug] [MainThread]: On list_ATMOSYNC_DB_RAW_DATA: Close
[0m01:31:28.103499 [debug] [MainThread]: Connection 'model.atmosync.stg_sensor_data' was left open.
[0m01:31:28.104991 [debug] [MainThread]: On model.atmosync.stg_sensor_data: Close
[0m01:31:28.410716 [info ] [MainThread]: 
[0m01:31:28.412789 [info ] [MainThread]: Finished running 3 view models in 0 hours 0 minutes and 5.67 seconds (5.67s).
[0m01:31:28.417685 [debug] [MainThread]: Command end result
[0m01:31:28.484972 [debug] [MainThread]: Wrote artifact WritableManifest to C:\AtmoSync\dbt\target\manifest.json
[0m01:31:28.493445 [debug] [MainThread]: Wrote artifact SemanticManifest to C:\AtmoSync\dbt\target\semantic_manifest.json
[0m01:31:28.501345 [debug] [MainThread]: Wrote artifact OsiDocument to C:\AtmoSync\dbt\target\osi_document.json
[0m01:31:28.516149 [debug] [MainThread]: Wrote artifact RunExecutionResult to C:\AtmoSync\dbt\target\run_results.json
[0m01:31:28.517302 [info ] [MainThread]: 
[0m01:31:28.518638 [info ] [MainThread]: [31mCompleted with 1 error, 0 partial successes, and 0 warnings:[0m
[0m01:31:28.519873 [info ] [MainThread]: 
[0m01:31:28.521258 [error] [MainThread]: [[31mERROR[0m]: in model stg_commodity (models\stg_commodity.sql)
[0m01:31:28.522620 [error] [MainThread]:   Database Error in model stg_commodity (models\stg_commodity.sql)
  002003 (42S02): SQL compilation error:
  Object 'ATMOSYNC_DB.RAW_DATA.COMMODITY_PRICE' does not exist or not authorized.
  compiled code at target\run\atmosync\models\stg_commodity.sql
[0m01:31:28.523766 [info ] [MainThread]: 
[0m01:31:28.525268 [info ] [MainThread]:   compiled code at target\compiled\atmosync\models\stg_commodity.sql
[0m01:31:28.526697 [info ] [MainThread]: 
[0m01:31:28.528947 [info ] [MainThread]: Done. PASS=1 WARN=0 ERROR=1 SKIP=1 NO-OP=0 REUSED=0 TOTAL=3
[0m01:31:28.533553 [debug] [MainThread]: Command `dbt run` failed at 01:31:28.533181 after 11.43 seconds
[0m01:31:28.534372 [debug] [MainThread]: Sending event: {'category': 'dbt', 'action': 'invocation', 'label': 'end', 'context': [<snowplow_tracker.self_describing_json.SelfDescribingJson object at 0x00000256D52CC9B0>, <snowplow_tracker.self_describing_json.SelfDescribingJson object at 0x00000256D6793E30>, <snowplow_tracker.self_describing_json.SelfDescribingJson object at 0x00000256D4E3DD50>]}
[0m01:31:28.535040 [debug] [MainThread]: Flushing usage events
[0m01:31:31.171119 [debug] [MainThread]: An error was encountered while trying to flush usage events
[0m01:34:55.193431 [debug] [MainThread]: Sending event: {'category': 'dbt', 'action': 'invocation', 'label': 'start', 'context': [<snowplow_tracker.self_describing_json.SelfDescribingJson object at 0x000001E3294AD550>, <snowplow_tracker.self_describing_json.SelfDescribingJson object at 0x000001E32506CB90>, <snowplow_tracker.self_describing_json.SelfDescribingJson object at 0x000001E32B9FFB10>]}


============================== 01:34:55.200429 | 928008bb-aaf9-476b-ba0a-19214bd08164 ==============================
[0m01:34:55.200429 [info ] [MainThread]: Running with dbt=1.12.0
[0m01:34:55.201795 [debug] [MainThread]: running dbt with arguments {'maximum_seed_size_mib': '1', 'no_print': 'None', 'version_check': 'True', 'warn_error_options': 'WarnErrorOptionsV2(error=[], warn=[], silence=[])', 'static_parser': 'True', 'target_path': 'None', 'printer_width': '80', 'write_json': 'True', 'introspect': 'True', 'log_cache_events': 'False', 'empty': 'None', 'cache_selected_only': 'False', 'fail_fast': 'False', 'debug': 'False', 'log_format': 'default', 'partial_parse': 'True', 'send_anonymous_usage_stats': 'True', 'quiet': 'False', 'warn_error': 'None', 'profiles_dir': 'C:\\AtmoSync\\dbt', 'indirect_selection': 'eager', 'hints_enabled': 'True', 'invocation_command': 'dbt clean', 'use_experimental_parser': 'False', 'use_colors': 'True', 'log_path': 'C:\\AtmoSync\\dbt\\logs'}
[0m01:34:55.448305 [debug] [MainThread]: Sending event: {'category': 'dbt', 'action': 'project_id', 'label': '928008bb-aaf9-476b-ba0a-19214bd08164', 'context': [<snowplow_tracker.self_describing_json.SelfDescribingJson object at 0x000001E329996780>]}
[0m01:34:55.517210 [debug] [MainThread]: Command `dbt clean` succeeded at 01:34:55.516748 after 0.63 seconds
[0m01:34:55.518565 [debug] [MainThread]: Sending event: {'category': 'dbt', 'action': 'invocation', 'label': 'end', 'context': [<snowplow_tracker.self_describing_json.SelfDescribingJson object at 0x000001E32BBAE7A0>, <snowplow_tracker.self_describing_json.SelfDescribingJson object at 0x000001E32BBAFBD0>, <snowplow_tracker.self_describing_json.SelfDescribingJson object at 0x000001E32B87B150>]}
[0m01:34:55.520214 [debug] [MainThread]: Flushing usage events
[0m01:34:58.019282 [debug] [MainThread]: An error was encountered while trying to flush usage events
[0m01:35:39.933421 [debug] [MainThread]: Sending event: {'category': 'dbt', 'action': 'invocation', 'label': 'start', 'context': [<snowplow_tracker.self_describing_json.SelfDescribingJson object at 0x0000022E8ACCD550>, <snowplow_tracker.self_describing_json.SelfDescribingJson object at 0x0000022E8D29FED0>, <snowplow_tracker.self_describing_json.SelfDescribingJson object at 0x0000022E8D29FB10>]}


============================== 01:35:39.941387 | 8462a9d7-8e8c-4374-bc3f-89302485372f ==============================
[0m01:35:39.941387 [info ] [MainThread]: Running with dbt=1.12.0
[0m01:35:39.942740 [debug] [MainThread]: running dbt with arguments {'version_check': 'True', 'no_print': 'None', 'maximum_seed_size_mib': '1', 'warn_error_options': 'WarnErrorOptionsV2(error=[], warn=[], silence=[])', 'target_path': 'None', 'static_parser': 'True', 'printer_width': '80', 'write_json': 'True', 'introspect': 'True', 'log_cache_events': 'False', 'empty': 'False', 'cache_selected_only': 'False', 'log_format': 'default', 'debug': 'False', 'fail_fast': 'False', 'partial_parse': 'True', 'send_anonymous_usage_stats': 'True', 'quiet': 'False', 'warn_error': 'None', 'profiles_dir': 'C:\\AtmoSync\\dbt', 'invocation_command': 'dbt run', 'hints_enabled': 'True', 'indirect_selection': 'eager', 'use_experimental_parser': 'False', 'use_colors': 'True', 'log_path': 'C:\\AtmoSync\\dbt\\logs'}
[0m01:35:41.619366 [debug] [MainThread]: Snowflake adapter: Setting snowflake.connector to ERROR (file logging only)
[0m01:35:41.620330 [debug] [MainThread]: Snowflake adapter: Setting botocore to ERROR (file logging only)
[0m01:35:41.621298 [debug] [MainThread]: Snowflake adapter: Setting boto3 to ERROR (file logging only)
[0m01:35:42.113875 [debug] [MainThread]: Sending event: {'category': 'dbt', 'action': 'project_id', 'label': '8462a9d7-8e8c-4374-bc3f-89302485372f', 'context': [<snowplow_tracker.self_describing_json.SelfDescribingJson object at 0x0000022E8B1B2780>]}
[0m01:35:42.242004 [debug] [MainThread]: Sending event: {'category': 'dbt', 'action': 'adapter_info', 'label': '8462a9d7-8e8c-4374-bc3f-89302485372f', 'context': [<snowplow_tracker.self_describing_json.SelfDescribingJson object at 0x0000022E9894FF00>]}
[0m01:35:42.244408 [info ] [MainThread]: Registered adapter: snowflake=1.12.0
[0m01:35:43.008568 [debug] [MainThread]: checksum: 15948c77f26fc04b93f8c33c7d3d95880cdcb8b78a46bd5069b548daa14b9be5, vars: {}, profile: atmosync, target: dev, version: 1.12.0
[0m01:35:43.010215 [info ] [MainThread]: Unable to do partial parsing because saved manifest not found. Starting full parse.
[0m01:35:43.011255 [debug] [MainThread]: Sending event: {'category': 'dbt', 'action': 'partial_parser', 'label': '8462a9d7-8e8c-4374-bc3f-89302485372f', 'context': [<snowplow_tracker.self_describing_json.SelfDescribingJson object at 0x0000022E98557250>]}
[0m01:35:45.338867 [debug] [MainThread]: Sending event: {'category': 'dbt', 'action': 'load_project', 'label': '8462a9d7-8e8c-4374-bc3f-89302485372f', 'context': [<snowplow_tracker.self_describing_json.SelfDescribingJson object at 0x0000022E8D0FB980>]}
[0m01:35:45.495519 [debug] [MainThread]: Wrote artifact WritableManifest to C:\AtmoSync\dbt\target\manifest.json
[0m01:35:45.507459 [debug] [MainThread]: Wrote artifact SemanticManifest to C:\AtmoSync\dbt\target\semantic_manifest.json
[0m01:35:45.563348 [debug] [MainThread]: Wrote artifact OsiDocument to C:\AtmoSync\dbt\target\osi_document.json
[0m01:35:45.587261 [debug] [MainThread]: Sending event: {'category': 'dbt', 'action': 'resource_counts', 'label': '8462a9d7-8e8c-4374-bc3f-89302485372f', 'context': [<snowplow_tracker.self_describing_json.SelfDescribingJson object at 0x0000022E991CACF0>]}
[0m01:35:45.588384 [info ] [MainThread]: Found 3 models, 2 sources, 545 macros
[0m01:35:45.589369 [debug] [MainThread]: Sending event: {'category': 'dbt', 'action': 'runnable_timing', 'label': '8462a9d7-8e8c-4374-bc3f-89302485372f', 'context': [<snowplow_tracker.self_describing_json.SelfDescribingJson object at 0x0000022E98EF76C0>]}
[0m01:35:45.592326 [info ] [MainThread]: 
[0m01:35:45.593335 [info ] [MainThread]: Concurrency: 1 threads (target='dev')
[0m01:35:45.594162 [info ] [MainThread]: 
[0m01:35:45.596090 [debug] [MainThread]: Acquiring new snowflake connection 'master'
[0m01:35:45.606327 [debug] [ThreadPool]: Acquiring new snowflake connection 'list_ATMOSYNC_DB'
[0m01:35:45.634339 [debug] [ThreadPool]: Using snowflake connection "list_ATMOSYNC_DB"
[0m01:35:45.634967 [debug] [ThreadPool]: On list_ATMOSYNC_DB: show terse schemas in database ATMOSYNC_DB
    limit 10000
/* {"app": "dbt", "dbt_version": "1.12.0", "profile_name": "atmosync", "target_name": "dev", "connection_name": "list_ATMOSYNC_DB"} */
[0m01:35:45.635465 [debug] [ThreadPool]: Opening a new connection, currently in state init
[0m01:35:47.116283 [debug] [ThreadPool]: SQL status: SUCCESS 3 in 1.481 seconds
[0m01:35:47.121461 [debug] [ThreadPool]: Acquiring new snowflake connection 'list_ATMOSYNC_DB_RAW_DATA'
[0m01:35:47.143520 [debug] [ThreadPool]: Using snowflake connection "list_ATMOSYNC_DB_RAW_DATA"
[0m01:35:47.144101 [debug] [ThreadPool]: On list_ATMOSYNC_DB_RAW_DATA: show objects in ATMOSYNC_DB.RAW_DATA
    limit 10000
    

/* {"app": "dbt", "dbt_version": "1.12.0", "profile_name": "atmosync", "target_name": "dev", "connection_name": "list_ATMOSYNC_DB_RAW_DATA"} */;
[0m01:35:47.144629 [debug] [ThreadPool]: Opening a new connection, currently in state init
[0m01:35:47.959297 [debug] [ThreadPool]: SQL status: SUCCESS 2 in 0.814 seconds
[0m01:35:47.985796 [debug] [ThreadPool]: Using snowflake connection "list_ATMOSYNC_DB_RAW_DATA"
[0m01:35:47.987115 [debug] [ThreadPool]: On list_ATMOSYNC_DB_RAW_DATA: show user functions in ATMOSYNC_DB.RAW_DATA
/* {"app": "dbt", "dbt_version": "1.12.0", "profile_name": "atmosync", "target_name": "dev", "connection_name": "list_ATMOSYNC_DB_RAW_DATA"} */
[0m01:35:48.196680 [debug] [ThreadPool]: SQL status: SUCCESS 0 in 0.209 seconds
[0m01:35:48.202005 [debug] [MainThread]: Sending event: {'category': 'dbt', 'action': 'runnable_timing', 'label': '8462a9d7-8e8c-4374-bc3f-89302485372f', 'context': [<snowplow_tracker.self_describing_json.SelfDescribingJson object at 0x0000022E991D6C90>]}
[0m01:35:48.209476 [debug] [Thread-2 (]: Began running node model.atmosync.stg_commodity
[0m01:35:48.210583 [info ] [Thread-2 (]: 1 of 3 START sql view model RAW_DATA.stg_commodity ............................. [RUN]
[0m01:35:48.212195 [debug] [Thread-2 (]: Acquiring new snowflake connection 'model.atmosync.stg_commodity'
[0m01:35:48.213305 [debug] [Thread-2 (]: Began compiling node model.atmosync.stg_commodity
[0m01:35:48.232861 [debug] [Thread-2 (]: Writing injected SQL for node "model.atmosync.stg_commodity"
[0m01:35:48.237530 [debug] [Thread-2 (]: Began executing node model.atmosync.stg_commodity
[0m01:35:48.288240 [debug] [Thread-2 (]: Writing runtime sql for node "model.atmosync.stg_commodity"
[0m01:35:48.291845 [debug] [Thread-2 (]: Using snowflake connection "model.atmosync.stg_commodity"
[0m01:35:48.292521 [debug] [Thread-2 (]: On model.atmosync.stg_commodity: create or replace   view ATMOSYNC_DB.RAW_DATA.stg_commodity
  
  
  
  
  as (
    SELECT

commodity,

market,

price,

updated_time

FROM ATMOSYNC_DB.RAW_DATA.commodity_price
  )
/* {"app": "dbt", "dbt_version": "1.12.0", "profile_name": "atmosync", "target_name": "dev", "node_id": "model.atmosync.stg_commodity"} */;
[0m01:35:48.293373 [debug] [Thread-2 (]: Opening a new connection, currently in state init
[0m01:35:49.207950 [debug] [Thread-2 (]: Snowflake adapter: Snowflake query id: 01c5fed5-3203-049b-0017-a0120010a06e
[0m01:35:49.209780 [debug] [Thread-2 (]: Snowflake adapter: Snowflake error: 002003 (42S02): SQL compilation error:
Object 'ATMOSYNC_DB.RAW_DATA.COMMODITY_PRICE' does not exist or not authorized.
[0m01:35:49.235787 [debug] [Thread-2 (]: Database Error in model stg_commodity (models\stg_commodity.sql)
  002003 (42S02): SQL compilation error:
  Object 'ATMOSYNC_DB.RAW_DATA.COMMODITY_PRICE' does not exist or not authorized.
  compiled code at target\run\atmosync\models\stg_commodity.sql
[0m01:35:49.240956 [debug] [Thread-2 (]: Sending event: {'category': 'dbt', 'action': 'run_model', 'label': '8462a9d7-8e8c-4374-bc3f-89302485372f', 'context': [<snowplow_tracker.self_describing_json.SelfDescribingJson object at 0x0000022E9A4ED5A0>]}
[0m01:35:49.242397 [error] [Thread-2 (]: 1 of 3 ERROR creating sql view model RAW_DATA.stg_commodity .................... [[31mERROR[0m in 1.03s]
[0m01:35:49.244177 [debug] [Thread-2 (]: Finished running node model.atmosync.stg_commodity
[0m01:35:49.245118 [debug] [Thread-2 (]: Began running node model.atmosync.stg_sensor_data
[0m01:35:49.247365 [debug] [Thread-5 (]: Marking all children of 'model.atmosync.stg_commodity' to be skipped because of status 'error'.  Reason: Database Error in model stg_commodity (models\stg_commodity.sql)
  002003 (42S02): SQL compilation error:
  Object 'ATMOSYNC_DB.RAW_DATA.COMMODITY_PRICE' does not exist or not authorized.
  compiled code at target\run\atmosync\models\stg_commodity.sql.
[0m01:35:49.246120 [info ] [Thread-2 (]: 2 of 3 START sql view model RAW_DATA.stg_sensor_data ........................... [RUN]
[0m01:35:49.249443 [debug] [Thread-2 (]: Re-using an available connection from the pool (formerly model.atmosync.stg_commodity, now model.atmosync.stg_sensor_data)
[0m01:35:49.250104 [debug] [Thread-2 (]: Began compiling node model.atmosync.stg_sensor_data
[0m01:35:49.252872 [debug] [Thread-2 (]: Writing injected SQL for node "model.atmosync.stg_sensor_data"
[0m01:35:49.254964 [debug] [Thread-2 (]: Began executing node model.atmosync.stg_sensor_data
[0m01:35:49.259360 [debug] [Thread-2 (]: Writing runtime sql for node "model.atmosync.stg_sensor_data"
[0m01:35:49.262677 [debug] [Thread-2 (]: Using snowflake connection "model.atmosync.stg_sensor_data"
[0m01:35:49.264136 [debug] [Thread-2 (]: On model.atmosync.stg_sensor_data: create or replace   view ATMOSYNC_DB.RAW_DATA.stg_sensor_data
  
  
  
  
  as (
    SELECT

container_id,

commodity,

location,

temperature,

humidity,

vibration,

battery_level,

sensor_status,

event_time

FROM ATMOSYNC_DB.RAW_DATA.container_sensor_data
  )
/* {"app": "dbt", "dbt_version": "1.12.0", "profile_name": "atmosync", "target_name": "dev", "node_id": "model.atmosync.stg_sensor_data"} */;
[0m01:35:49.527317 [debug] [Thread-2 (]: SQL status: SUCCESS 1 in 0.261 seconds
[0m01:35:49.582576 [debug] [Thread-2 (]: Sending event: {'category': 'dbt', 'action': 'run_model', 'label': '8462a9d7-8e8c-4374-bc3f-89302485372f', 'context': [<snowplow_tracker.self_describing_json.SelfDescribingJson object at 0x0000022E8D30AC10>]}
[0m01:35:49.583544 [info ] [Thread-2 (]: 2 of 3 OK created sql view model RAW_DATA.stg_sensor_data ...................... [[32mSUCCESS 1[0m in 0.33s]
[0m01:35:49.585036 [debug] [Thread-2 (]: Finished running node model.atmosync.stg_sensor_data
[0m01:35:49.586256 [debug] [Thread-2 (]: Began running node model.atmosync.fact_container_data
[0m01:35:49.587227 [info ] [Thread-2 (]: 3 of 3 SKIP relation RAW_DATA.fact_container_data .............................. [[33mSKIP[0m]
[0m01:35:49.588354 [debug] [Thread-2 (]: Finished running node model.atmosync.fact_container_data
[0m01:35:49.590285 [debug] [MainThread]: Connection 'master' was properly closed.
[0m01:35:49.590806 [debug] [MainThread]: Connection 'list_ATMOSYNC_DB' was left open.
[0m01:35:49.591411 [debug] [MainThread]: On list_ATMOSYNC_DB: Close
[0m01:35:49.860034 [debug] [MainThread]: Connection 'list_ATMOSYNC_DB_RAW_DATA' was left open.
[0m01:35:49.861538 [debug] [MainThread]: On list_ATMOSYNC_DB_RAW_DATA: Close
[0m01:35:50.146802 [debug] [MainThread]: Connection 'model.atmosync.stg_sensor_data' was left open.
[0m01:35:50.148343 [debug] [MainThread]: On model.atmosync.stg_sensor_data: Close
[0m01:35:50.399819 [info ] [MainThread]: 
[0m01:35:50.400964 [info ] [MainThread]: Finished running 3 view models in 0 hours 0 minutes and 4.80 seconds (4.80s).
[0m01:35:50.402902 [debug] [MainThread]: Command end result
[0m01:35:50.466143 [debug] [MainThread]: Wrote artifact WritableManifest to C:\AtmoSync\dbt\target\manifest.json
[0m01:35:50.473355 [debug] [MainThread]: Wrote artifact SemanticManifest to C:\AtmoSync\dbt\target\semantic_manifest.json
[0m01:35:50.480680 [debug] [MainThread]: Wrote artifact OsiDocument to C:\AtmoSync\dbt\target\osi_document.json
[0m01:35:50.493001 [debug] [MainThread]: Wrote artifact RunExecutionResult to C:\AtmoSync\dbt\target\run_results.json
[0m01:35:50.493893 [info ] [MainThread]: 
[0m01:35:50.495142 [info ] [MainThread]: [31mCompleted with 1 error, 0 partial successes, and 0 warnings:[0m
[0m01:35:50.496079 [info ] [MainThread]: 
[0m01:35:50.497128 [error] [MainThread]: [[31mERROR[0m]: in model stg_commodity (models\stg_commodity.sql)
[0m01:35:50.498218 [error] [MainThread]:   Database Error in model stg_commodity (models\stg_commodity.sql)
  002003 (42S02): SQL compilation error:
  Object 'ATMOSYNC_DB.RAW_DATA.COMMODITY_PRICE' does not exist or not authorized.
  compiled code at target\run\atmosync\models\stg_commodity.sql
[0m01:35:50.499261 [info ] [MainThread]: 
[0m01:35:50.501266 [info ] [MainThread]:   compiled code at target\compiled\atmosync\models\stg_commodity.sql
[0m01:35:50.502721 [info ] [MainThread]: 
[0m01:35:50.504400 [info ] [MainThread]: Done. PASS=1 WARN=0 ERROR=1 SKIP=1 NO-OP=0 REUSED=0 TOTAL=3
[0m01:35:50.507133 [debug] [MainThread]: Command `dbt run` failed at 01:35:50.506867 after 10.80 seconds
[0m01:35:50.507952 [debug] [MainThread]: Sending event: {'category': 'dbt', 'action': 'invocation', 'label': 'end', 'context': [<snowplow_tracker.self_describing_json.SelfDescribingJson object at 0x0000022E991C7750>, <snowplow_tracker.self_describing_json.SelfDescribingJson object at 0x0000022E990C97D0>, <snowplow_tracker.self_describing_json.SelfDescribingJson object at 0x0000022E8D2D6200>]}
[0m01:35:50.508545 [debug] [MainThread]: Flushing usage events
[0m01:35:52.802549 [debug] [MainThread]: An error was encountered while trying to flush usage events
[0m01:39:02.987669 [debug] [MainThread]: Sending event: {'category': 'dbt', 'action': 'invocation', 'label': 'start', 'context': [<snowplow_tracker.self_describing_json.SelfDescribingJson object at 0x0000020821021550>, <snowplow_tracker.self_describing_json.SelfDescribingJson object at 0x00000208235E7ED0>, <snowplow_tracker.self_describing_json.SelfDescribingJson object at 0x00000208235E7B10>]}


============================== 01:39:02.995921 | ceae1887-46d5-4905-a763-8109407e4bd0 ==============================
[0m01:39:02.995921 [info ] [MainThread]: Running with dbt=1.12.0
[0m01:39:02.997295 [debug] [MainThread]: running dbt with arguments {'maximum_seed_size_mib': '1', 'no_print': 'None', 'version_check': 'True', 'target_path': 'None', 'warn_error_options': 'WarnErrorOptionsV2(error=[], warn=[], silence=[])', 'static_parser': 'True', 'printer_width': '80', 'write_json': 'True', 'introspect': 'True', 'log_cache_events': 'False', 'empty': 'False', 'cache_selected_only': 'False', 'log_format': 'default', 'debug': 'False', 'fail_fast': 'False', 'profiles_dir': 'C:\\AtmoSync\\dbt', 'send_anonymous_usage_stats': 'True', 'quiet': 'False', 'warn_error': 'None', 'partial_parse': 'True', 'indirect_selection': 'eager', 'hints_enabled': 'True', 'use_colors': 'True', 'use_experimental_parser': 'False', 'invocation_command': 'dbt run', 'log_path': 'C:\\AtmoSync\\dbt\\logs'}
[0m01:39:04.627457 [debug] [MainThread]: Snowflake adapter: Setting snowflake.connector to ERROR (file logging only)
[0m01:39:04.628169 [debug] [MainThread]: Snowflake adapter: Setting botocore to ERROR (file logging only)
[0m01:39:04.628706 [debug] [MainThread]: Snowflake adapter: Setting boto3 to ERROR (file logging only)
[0m01:39:05.114201 [debug] [MainThread]: Sending event: {'category': 'dbt', 'action': 'project_id', 'label': 'ceae1887-46d5-4905-a763-8109407e4bd0', 'context': [<snowplow_tracker.self_describing_json.SelfDescribingJson object at 0x0000020821502780>]}
[0m01:39:05.239479 [debug] [MainThread]: Sending event: {'category': 'dbt', 'action': 'adapter_info', 'label': 'ceae1887-46d5-4905-a763-8109407e4bd0', 'context': [<snowplow_tracker.self_describing_json.SelfDescribingJson object at 0x000002082ECAFF00>]}
[0m01:39:05.242032 [info ] [MainThread]: Registered adapter: snowflake=1.12.0
[0m01:39:06.020654 [debug] [MainThread]: checksum: 15948c77f26fc04b93f8c33c7d3d95880cdcb8b78a46bd5069b548daa14b9be5, vars: {}, profile: atmosync, target: dev, version: 1.12.0
[0m01:39:06.310272 [debug] [MainThread]: Partial parsing enabled: 0 files deleted, 0 files added, 0 files changed.
[0m01:39:06.311063 [debug] [MainThread]: Nothing changed, skipping partial parsing.
[0m01:39:06.311545 [debug] [MainThread]: Partial parsing enabled, no changes found, skipping parsing
[0m01:39:06.327794 [debug] [MainThread]: Sending event: {'category': 'dbt', 'action': 'load_project', 'label': 'ceae1887-46d5-4905-a763-8109407e4bd0', 'context': [<snowplow_tracker.self_describing_json.SelfDescribingJson object at 0x000002082F09B850>]}
[0m01:39:06.522745 [debug] [MainThread]: Wrote artifact WritableManifest to C:\AtmoSync\dbt\target\manifest.json
[0m01:39:06.528696 [debug] [MainThread]: Wrote artifact SemanticManifest to C:\AtmoSync\dbt\target\semantic_manifest.json
[0m01:39:06.583285 [debug] [MainThread]: Wrote artifact OsiDocument to C:\AtmoSync\dbt\target\osi_document.json
[0m01:39:06.607006 [debug] [MainThread]: Sending event: {'category': 'dbt', 'action': 'resource_counts', 'label': 'ceae1887-46d5-4905-a763-8109407e4bd0', 'context': [<snowplow_tracker.self_describing_json.SelfDescribingJson object at 0x000002082F0FBD40>]}
[0m01:39:06.608354 [info ] [MainThread]: Found 3 models, 2 sources, 545 macros
[0m01:39:06.609644 [debug] [MainThread]: Sending event: {'category': 'dbt', 'action': 'runnable_timing', 'label': 'ceae1887-46d5-4905-a763-8109407e4bd0', 'context': [<snowplow_tracker.self_describing_json.SelfDescribingJson object at 0x000002082F1927B0>]}
[0m01:39:06.614119 [info ] [MainThread]: 
[0m01:39:06.615801 [info ] [MainThread]: Concurrency: 1 threads (target='dev')
[0m01:39:06.617253 [info ] [MainThread]: 
[0m01:39:06.620209 [debug] [MainThread]: Acquiring new snowflake connection 'master'
[0m01:39:06.629616 [debug] [ThreadPool]: Acquiring new snowflake connection 'list_ATMOSYNC_DB'
[0m01:39:06.659386 [debug] [ThreadPool]: Using snowflake connection "list_ATMOSYNC_DB"
[0m01:39:06.659965 [debug] [ThreadPool]: On list_ATMOSYNC_DB: show terse schemas in database ATMOSYNC_DB
    limit 10000
/* {"app": "dbt", "dbt_version": "1.12.0", "profile_name": "atmosync", "target_name": "dev", "connection_name": "list_ATMOSYNC_DB"} */
[0m01:39:06.660430 [debug] [ThreadPool]: Opening a new connection, currently in state init
[0m01:39:08.185630 [debug] [ThreadPool]: SQL status: SUCCESS 3 in 1.525 seconds
[0m01:39:08.195375 [debug] [ThreadPool]: Acquiring new snowflake connection 'list_ATMOSYNC_DB_RAW_DATA'
[0m01:39:08.224431 [debug] [ThreadPool]: Using snowflake connection "list_ATMOSYNC_DB_RAW_DATA"
[0m01:39:08.225003 [debug] [ThreadPool]: On list_ATMOSYNC_DB_RAW_DATA: show objects in ATMOSYNC_DB.RAW_DATA
    limit 10000
    

/* {"app": "dbt", "dbt_version": "1.12.0", "profile_name": "atmosync", "target_name": "dev", "connection_name": "list_ATMOSYNC_DB_RAW_DATA"} */;
[0m01:39:08.225464 [debug] [ThreadPool]: Opening a new connection, currently in state init
[0m01:39:09.428396 [debug] [ThreadPool]: SQL status: SUCCESS 2 in 1.203 seconds
[0m01:39:09.439099 [debug] [ThreadPool]: Using snowflake connection "list_ATMOSYNC_DB_RAW_DATA"
[0m01:39:09.439823 [debug] [ThreadPool]: On list_ATMOSYNC_DB_RAW_DATA: show user functions in ATMOSYNC_DB.RAW_DATA
/* {"app": "dbt", "dbt_version": "1.12.0", "profile_name": "atmosync", "target_name": "dev", "connection_name": "list_ATMOSYNC_DB_RAW_DATA"} */
[0m01:39:09.603491 [debug] [ThreadPool]: SQL status: SUCCESS 0 in 0.163 seconds
[0m01:39:09.612033 [debug] [MainThread]: Sending event: {'category': 'dbt', 'action': 'runnable_timing', 'label': 'ceae1887-46d5-4905-a763-8109407e4bd0', 'context': [<snowplow_tracker.self_describing_json.SelfDescribingJson object at 0x000002082F4265B0>]}
[0m01:39:09.626226 [debug] [Thread-2 (]: Began running node model.atmosync.stg_commodity
[0m01:39:09.628284 [info ] [Thread-2 (]: 1 of 3 START sql view model RAW_DATA.stg_commodity ............................. [RUN]
[0m01:39:09.631345 [debug] [Thread-2 (]: Acquiring new snowflake connection 'model.atmosync.stg_commodity'
[0m01:39:09.633165 [debug] [Thread-2 (]: Began compiling node model.atmosync.stg_commodity
[0m01:39:09.659125 [debug] [Thread-2 (]: Writing injected SQL for node "model.atmosync.stg_commodity"
[0m01:39:09.662556 [debug] [Thread-2 (]: Began executing node model.atmosync.stg_commodity
[0m01:39:09.715502 [debug] [Thread-2 (]: Writing runtime sql for node "model.atmosync.stg_commodity"
[0m01:39:09.718210 [debug] [Thread-2 (]: Using snowflake connection "model.atmosync.stg_commodity"
[0m01:39:09.718884 [debug] [Thread-2 (]: On model.atmosync.stg_commodity: create or replace   view ATMOSYNC_DB.RAW_DATA.stg_commodity
  
  
  
  
  as (
    SELECT

commodity,

market,

price,

updated_time

FROM ATMOSYNC_DB.RAW_DATA.commodity_price
  )
/* {"app": "dbt", "dbt_version": "1.12.0", "profile_name": "atmosync", "target_name": "dev", "node_id": "model.atmosync.stg_commodity"} */;
[0m01:39:09.719534 [debug] [Thread-2 (]: Opening a new connection, currently in state init
[0m01:39:10.745560 [debug] [Thread-2 (]: Snowflake adapter: Snowflake query id: 01c5fed8-3203-03e2-0017-a01200108112
[0m01:39:10.746251 [debug] [Thread-2 (]: Snowflake adapter: Snowflake error: 002003 (42S02): SQL compilation error:
Object 'ATMOSYNC_DB.RAW_DATA.COMMODITY_PRICE' does not exist or not authorized.
[0m01:39:10.756614 [debug] [Thread-2 (]: Database Error in model stg_commodity (models\stg_commodity.sql)
  002003 (42S02): SQL compilation error:
  Object 'ATMOSYNC_DB.RAW_DATA.COMMODITY_PRICE' does not exist or not authorized.
  compiled code at target\run\atmosync\models\stg_commodity.sql
[0m01:39:10.760257 [debug] [Thread-2 (]: Sending event: {'category': 'dbt', 'action': 'run_model', 'label': 'ceae1887-46d5-4905-a763-8109407e4bd0', 'context': [<snowplow_tracker.self_describing_json.SelfDescribingJson object at 0x000002082F45CDD0>]}
[0m01:39:10.761320 [error] [Thread-2 (]: 1 of 3 ERROR creating sql view model RAW_DATA.stg_commodity .................... [[31mERROR[0m in 1.13s]
[0m01:39:10.762800 [debug] [Thread-2 (]: Finished running node model.atmosync.stg_commodity
[0m01:39:10.763588 [debug] [Thread-2 (]: Began running node model.atmosync.stg_sensor_data
[0m01:39:10.765329 [debug] [Thread-5 (]: Marking all children of 'model.atmosync.stg_commodity' to be skipped because of status 'error'.  Reason: Database Error in model stg_commodity (models\stg_commodity.sql)
  002003 (42S02): SQL compilation error:
  Object 'ATMOSYNC_DB.RAW_DATA.COMMODITY_PRICE' does not exist or not authorized.
  compiled code at target\run\atmosync\models\stg_commodity.sql.
[0m01:39:10.764343 [info ] [Thread-2 (]: 2 of 3 START sql view model RAW_DATA.stg_sensor_data ........................... [RUN]
[0m01:39:10.767480 [debug] [Thread-2 (]: Re-using an available connection from the pool (formerly model.atmosync.stg_commodity, now model.atmosync.stg_sensor_data)
[0m01:39:10.768131 [debug] [Thread-2 (]: Began compiling node model.atmosync.stg_sensor_data
[0m01:39:10.770835 [debug] [Thread-2 (]: Writing injected SQL for node "model.atmosync.stg_sensor_data"
[0m01:39:10.772699 [debug] [Thread-2 (]: Began executing node model.atmosync.stg_sensor_data
[0m01:39:10.776607 [debug] [Thread-2 (]: Writing runtime sql for node "model.atmosync.stg_sensor_data"
[0m01:39:10.779793 [debug] [Thread-2 (]: Using snowflake connection "model.atmosync.stg_sensor_data"
[0m01:39:10.780883 [debug] [Thread-2 (]: On model.atmosync.stg_sensor_data: create or replace   view ATMOSYNC_DB.RAW_DATA.stg_sensor_data
  
  
  
  
  as (
    SELECT

container_id,

commodity,

location,

temperature,

humidity,

vibration,

battery_level,

sensor_status,

event_time

FROM ATMOSYNC_DB.RAW_DATA.container_sensor_data
  )
/* {"app": "dbt", "dbt_version": "1.12.0", "profile_name": "atmosync", "target_name": "dev", "node_id": "model.atmosync.stg_sensor_data"} */;
[0m01:39:11.152486 [debug] [Thread-2 (]: SQL status: SUCCESS 1 in 0.370 seconds
[0m01:39:11.214348 [debug] [Thread-2 (]: Sending event: {'category': 'dbt', 'action': 'run_model', 'label': 'ceae1887-46d5-4905-a763-8109407e4bd0', 'context': [<snowplow_tracker.self_describing_json.SelfDescribingJson object at 0x0000020830576DB0>]}
[0m01:39:11.215445 [info ] [Thread-2 (]: 2 of 3 OK created sql view model RAW_DATA.stg_sensor_data ...................... [[32mSUCCESS 1[0m in 0.45s]
[0m01:39:11.216983 [debug] [Thread-2 (]: Finished running node model.atmosync.stg_sensor_data
[0m01:39:11.218404 [debug] [Thread-2 (]: Began running node model.atmosync.fact_container_data
[0m01:39:11.219360 [info ] [Thread-2 (]: 3 of 3 SKIP relation RAW_DATA.fact_container_data .............................. [[33mSKIP[0m]
[0m01:39:11.220493 [debug] [Thread-2 (]: Finished running node model.atmosync.fact_container_data
[0m01:39:11.222615 [debug] [MainThread]: Connection 'master' was properly closed.
[0m01:39:11.223225 [debug] [MainThread]: Connection 'list_ATMOSYNC_DB' was left open.
[0m01:39:11.223698 [debug] [MainThread]: On list_ATMOSYNC_DB: Close
[0m01:39:11.472289 [debug] [MainThread]: Connection 'list_ATMOSYNC_DB_RAW_DATA' was left open.
[0m01:39:11.473773 [debug] [MainThread]: On list_ATMOSYNC_DB_RAW_DATA: Close
[0m01:39:11.769296 [debug] [MainThread]: Connection 'model.atmosync.stg_sensor_data' was left open.
[0m01:39:11.770776 [debug] [MainThread]: On model.atmosync.stg_sensor_data: Close
[0m01:39:12.080038 [info ] [MainThread]: 
[0m01:39:12.082393 [info ] [MainThread]: Finished running 3 view models in 0 hours 0 minutes and 5.46 seconds (5.46s).
[0m01:39:12.088001 [debug] [MainThread]: Command end result
[0m01:39:12.158093 [debug] [MainThread]: Wrote artifact WritableManifest to C:\AtmoSync\dbt\target\manifest.json
[0m01:39:12.165004 [debug] [MainThread]: Wrote artifact SemanticManifest to C:\AtmoSync\dbt\target\semantic_manifest.json
[0m01:39:12.172285 [debug] [MainThread]: Wrote artifact OsiDocument to C:\AtmoSync\dbt\target\osi_document.json
[0m01:39:12.185496 [debug] [MainThread]: Wrote artifact RunExecutionResult to C:\AtmoSync\dbt\target\run_results.json
[0m01:39:12.186320 [info ] [MainThread]: 
[0m01:39:12.187370 [info ] [MainThread]: [31mCompleted with 1 error, 0 partial successes, and 0 warnings:[0m
[0m01:39:12.188264 [info ] [MainThread]: 
[0m01:39:12.189270 [error] [MainThread]: [[31mERROR[0m]: in model stg_commodity (models\stg_commodity.sql)
[0m01:39:12.190332 [error] [MainThread]:   Database Error in model stg_commodity (models\stg_commodity.sql)
  002003 (42S02): SQL compilation error:
  Object 'ATMOSYNC_DB.RAW_DATA.COMMODITY_PRICE' does not exist or not authorized.
  compiled code at target\run\atmosync\models\stg_commodity.sql
[0m01:39:12.191293 [info ] [MainThread]: 
[0m01:39:12.192403 [info ] [MainThread]:   compiled code at target\compiled\atmosync\models\stg_commodity.sql
[0m01:39:12.194090 [info ] [MainThread]: 
[0m01:39:12.195772 [info ] [MainThread]: Done. PASS=1 WARN=0 ERROR=1 SKIP=1 NO-OP=0 REUSED=0 TOTAL=3
[0m01:39:12.198389 [debug] [MainThread]: Command `dbt run` failed at 01:39:12.198153 after 9.51 seconds
[0m01:39:12.199051 [debug] [MainThread]: Sending event: {'category': 'dbt', 'action': 'invocation', 'label': 'end', 'context': [<snowplow_tracker.self_describing_json.SelfDescribingJson object at 0x000002082F463890>, <snowplow_tracker.self_describing_json.SelfDescribingJson object at 0x00000208305EF920>, <snowplow_tracker.self_describing_json.SelfDescribingJson object at 0x000002082361C7D0>]}
[0m01:39:12.199608 [debug] [MainThread]: Flushing usage events
[0m01:39:14.736245 [debug] [MainThread]: An error was encountered while trying to flush usage events
[0m01:46:58.826151 [debug] [MainThread]: Sending event: {'category': 'dbt', 'action': 'invocation', 'label': 'start', 'context': [<snowplow_tracker.self_describing_json.SelfDescribingJson object at 0x000002AC95FCD550>, <snowplow_tracker.self_describing_json.SelfDescribingJson object at 0x000002AC9859BED0>, <snowplow_tracker.self_describing_json.SelfDescribingJson object at 0x000002AC9859BB10>]}


============================== 01:46:58.833634 | c7c5fbbf-9341-4127-afbf-bc4f582539d1 ==============================
[0m01:46:58.833634 [info ] [MainThread]: Running with dbt=1.12.0
[0m01:46:58.834829 [debug] [MainThread]: running dbt with arguments {'static_parser': 'True', 'no_print': 'None', 'version_check': 'True', 'warn_error_options': 'WarnErrorOptionsV2(error=[], warn=[], silence=[])', 'target_path': 'None', 'maximum_seed_size_mib': '1', 'printer_width': '80', 'write_json': 'True', 'empty': 'False', 'log_cache_events': 'False', 'introspect': 'True', 'cache_selected_only': 'False', 'fail_fast': 'False', 'debug': 'False', 'log_format': 'default', 'profiles_dir': 'C:\\AtmoSync\\dbt', 'send_anonymous_usage_stats': 'True', 'quiet': 'False', 'warn_error': 'None', 'partial_parse': 'True', 'indirect_selection': 'eager', 'hints_enabled': 'True', 'invocation_command': 'dbt run', 'use_experimental_parser': 'False', 'use_colors': 'True', 'log_path': 'C:\\AtmoSync\\dbt\\logs'}
[0m01:47:00.660997 [debug] [MainThread]: Snowflake adapter: Setting snowflake.connector to ERROR (file logging only)
[0m01:47:00.661726 [debug] [MainThread]: Snowflake adapter: Setting botocore to ERROR (file logging only)
[0m01:47:00.662277 [debug] [MainThread]: Snowflake adapter: Setting boto3 to ERROR (file logging only)
[0m01:47:01.153077 [debug] [MainThread]: Sending event: {'category': 'dbt', 'action': 'project_id', 'label': 'c7c5fbbf-9341-4127-afbf-bc4f582539d1', 'context': [<snowplow_tracker.self_describing_json.SelfDescribingJson object at 0x000002AC964B6780>]}
[0m01:47:01.275303 [debug] [MainThread]: Sending event: {'category': 'dbt', 'action': 'adapter_info', 'label': 'c7c5fbbf-9341-4127-afbf-bc4f582539d1', 'context': [<snowplow_tracker.self_describing_json.SelfDescribingJson object at 0x000002ACA3C6FF00>]}
[0m01:47:01.277846 [info ] [MainThread]: Registered adapter: snowflake=1.12.0
[0m01:47:02.033375 [debug] [MainThread]: checksum: 15948c77f26fc04b93f8c33c7d3d95880cdcb8b78a46bd5069b548daa14b9be5, vars: {}, profile: atmosync, target: dev, version: 1.12.0
[0m01:47:02.302549 [debug] [MainThread]: Partial parsing enabled: 0 files deleted, 0 files added, 3 files changed.
[0m01:47:02.303726 [debug] [MainThread]: Partial parsing: updated file: atmosync://models\sources.yml
[0m01:47:02.304287 [debug] [MainThread]: Partial parsing: updated file: atmosync://models\stg_sensor_data.sql
[0m01:47:02.304802 [debug] [MainThread]: Partial parsing: updated file: atmosync://models\stg_commodity.sql
[0m01:47:03.158020 [debug] [MainThread]: Sending event: {'category': 'dbt', 'action': 'load_project', 'label': 'c7c5fbbf-9341-4127-afbf-bc4f582539d1', 'context': [<snowplow_tracker.self_describing_json.SelfDescribingJson object at 0x000002ACA4518A50>]}
[0m01:47:03.326074 [debug] [MainThread]: Wrote artifact WritableManifest to C:\AtmoSync\dbt\target\manifest.json
[0m01:47:03.331982 [debug] [MainThread]: Wrote artifact SemanticManifest to C:\AtmoSync\dbt\target\semantic_manifest.json
[0m01:47:03.390294 [debug] [MainThread]: Wrote artifact OsiDocument to C:\AtmoSync\dbt\target\osi_document.json
[0m01:47:03.414918 [debug] [MainThread]: Sending event: {'category': 'dbt', 'action': 'resource_counts', 'label': 'c7c5fbbf-9341-4127-afbf-bc4f582539d1', 'context': [<snowplow_tracker.self_describing_json.SelfDescribingJson object at 0x000002ACA44954F0>]}
[0m01:47:03.416034 [info ] [MainThread]: Found 3 models, 2 sources, 545 macros
[0m01:47:03.417126 [debug] [MainThread]: Sending event: {'category': 'dbt', 'action': 'runnable_timing', 'label': 'c7c5fbbf-9341-4127-afbf-bc4f582539d1', 'context': [<snowplow_tracker.self_describing_json.SelfDescribingJson object at 0x000002ACA4581550>]}
[0m01:47:03.421287 [info ] [MainThread]: 
[0m01:47:03.422365 [info ] [MainThread]: Concurrency: 1 threads (target='dev')
[0m01:47:03.423687 [info ] [MainThread]: 
[0m01:47:03.425276 [debug] [MainThread]: Acquiring new snowflake connection 'master'
[0m01:47:03.436163 [debug] [ThreadPool]: Acquiring new snowflake connection 'list_ATMOSYNC_DB'
[0m01:47:03.461422 [debug] [ThreadPool]: Using snowflake connection "list_ATMOSYNC_DB"
[0m01:47:03.461999 [debug] [ThreadPool]: On list_ATMOSYNC_DB: show terse schemas in database ATMOSYNC_DB
    limit 10000
/* {"app": "dbt", "dbt_version": "1.12.0", "profile_name": "atmosync", "target_name": "dev", "connection_name": "list_ATMOSYNC_DB"} */
[0m01:47:03.462857 [debug] [ThreadPool]: Opening a new connection, currently in state init
[0m01:47:05.161666 [debug] [ThreadPool]: SQL status: SUCCESS 3 in 1.699 seconds
[0m01:47:05.172477 [debug] [ThreadPool]: Acquiring new snowflake connection 'list_ATMOSYNC_DB_RAW_DATA'
[0m01:47:05.229372 [debug] [ThreadPool]: Using snowflake connection "list_ATMOSYNC_DB_RAW_DATA"
[0m01:47:05.231513 [debug] [ThreadPool]: On list_ATMOSYNC_DB_RAW_DATA: show objects in ATMOSYNC_DB.RAW_DATA
    limit 10000
    

/* {"app": "dbt", "dbt_version": "1.12.0", "profile_name": "atmosync", "target_name": "dev", "connection_name": "list_ATMOSYNC_DB_RAW_DATA"} */;
[0m01:47:05.232832 [debug] [ThreadPool]: Opening a new connection, currently in state init
[0m01:47:06.234979 [debug] [ThreadPool]: SQL status: SUCCESS 2 in 1.002 seconds
[0m01:47:06.256813 [debug] [ThreadPool]: Using snowflake connection "list_ATMOSYNC_DB_RAW_DATA"
[0m01:47:06.258147 [debug] [ThreadPool]: On list_ATMOSYNC_DB_RAW_DATA: show user functions in ATMOSYNC_DB.RAW_DATA
/* {"app": "dbt", "dbt_version": "1.12.0", "profile_name": "atmosync", "target_name": "dev", "connection_name": "list_ATMOSYNC_DB_RAW_DATA"} */
[0m01:47:06.493463 [debug] [ThreadPool]: SQL status: SUCCESS 0 in 0.234 seconds
[0m01:47:06.501677 [debug] [MainThread]: Sending event: {'category': 'dbt', 'action': 'runnable_timing', 'label': 'c7c5fbbf-9341-4127-afbf-bc4f582539d1', 'context': [<snowplow_tracker.self_describing_json.SelfDescribingJson object at 0x000002ACA45A2340>]}
[0m01:47:06.515817 [debug] [Thread-2 (]: Began running node model.atmosync.stg_commodity
[0m01:47:06.517865 [info ] [Thread-2 (]: 1 of 3 START sql view model RAW_DATA.stg_commodity ............................. [RUN]
[0m01:47:06.521675 [debug] [Thread-2 (]: Acquiring new snowflake connection 'model.atmosync.stg_commodity'
[0m01:47:06.523674 [debug] [Thread-2 (]: Began compiling node model.atmosync.stg_commodity
[0m01:47:06.550059 [debug] [Thread-2 (]: Writing injected SQL for node "model.atmosync.stg_commodity"
[0m01:47:06.552165 [debug] [Thread-2 (]: Began executing node model.atmosync.stg_commodity
[0m01:47:06.601393 [debug] [Thread-2 (]: Writing runtime sql for node "model.atmosync.stg_commodity"
[0m01:47:06.604259 [debug] [Thread-2 (]: Using snowflake connection "model.atmosync.stg_commodity"
[0m01:47:06.605079 [debug] [Thread-2 (]: On model.atmosync.stg_commodity: create or replace   view ATMOSYNC_DB.RAW_DATA.stg_commodity
  
  
  
  
  as (
    SELECT
    commodity,
    market,
    price,
    updated_time
FROM ATMOSYNC_DB.RAW_DATA.COMMODITY_PRICE
  )
/* {"app": "dbt", "dbt_version": "1.12.0", "profile_name": "atmosync", "target_name": "dev", "node_id": "model.atmosync.stg_commodity"} */;
[0m01:47:06.605796 [debug] [Thread-2 (]: Opening a new connection, currently in state init
[0m01:47:07.687400 [debug] [Thread-2 (]: Snowflake adapter: Snowflake query id: 01c5fee0-3203-03e2-0017-a0120010811a
[0m01:47:07.689179 [debug] [Thread-2 (]: Snowflake adapter: Snowflake error: 002003 (42S02): SQL compilation error:
Object 'ATMOSYNC_DB.RAW_DATA.COMMODITY_PRICE' does not exist or not authorized.
[0m01:47:07.713058 [debug] [Thread-2 (]: Database Error in model stg_commodity (models\stg_commodity.sql)
  002003 (42S02): SQL compilation error:
  Object 'ATMOSYNC_DB.RAW_DATA.COMMODITY_PRICE' does not exist or not authorized.
  compiled code at target\run\atmosync\models\stg_commodity.sql
[0m01:47:07.717580 [debug] [Thread-2 (]: Sending event: {'category': 'dbt', 'action': 'run_model', 'label': 'c7c5fbbf-9341-4127-afbf-bc4f582539d1', 'context': [<snowplow_tracker.self_describing_json.SelfDescribingJson object at 0x000002ACA56C4590>]}
[0m01:47:07.719288 [error] [Thread-2 (]: 1 of 3 ERROR creating sql view model RAW_DATA.stg_commodity .................... [[31mERROR[0m in 1.19s]
[0m01:47:07.720903 [debug] [Thread-2 (]: Finished running node model.atmosync.stg_commodity
[0m01:47:07.721821 [debug] [Thread-2 (]: Began running node model.atmosync.stg_sensor_data
[0m01:47:07.723745 [debug] [Thread-5 (]: Marking all children of 'model.atmosync.stg_commodity' to be skipped because of status 'error'.  Reason: Database Error in model stg_commodity (models\stg_commodity.sql)
  002003 (42S02): SQL compilation error:
  Object 'ATMOSYNC_DB.RAW_DATA.COMMODITY_PRICE' does not exist or not authorized.
  compiled code at target\run\atmosync\models\stg_commodity.sql.
[0m01:47:07.722686 [info ] [Thread-2 (]: 2 of 3 START sql view model RAW_DATA.stg_sensor_data ........................... [RUN]
[0m01:47:07.725811 [debug] [Thread-2 (]: Re-using an available connection from the pool (formerly model.atmosync.stg_commodity, now model.atmosync.stg_sensor_data)
[0m01:47:07.726470 [debug] [Thread-2 (]: Began compiling node model.atmosync.stg_sensor_data
[0m01:47:07.729180 [debug] [Thread-2 (]: Writing injected SQL for node "model.atmosync.stg_sensor_data"
[0m01:47:07.730964 [debug] [Thread-2 (]: Began executing node model.atmosync.stg_sensor_data
[0m01:47:07.734758 [debug] [Thread-2 (]: Writing runtime sql for node "model.atmosync.stg_sensor_data"
[0m01:47:07.737928 [debug] [Thread-2 (]: Using snowflake connection "model.atmosync.stg_sensor_data"
[0m01:47:07.739338 [debug] [Thread-2 (]: On model.atmosync.stg_sensor_data: create or replace   view ATMOSYNC_DB.RAW_DATA.stg_sensor_data
  
  
  
  
  as (
    SELECT
    container_id,
    commodity,
    location,
    temperature,
    humidity,
    vibration,
    battery_level,
    sensor_status,
    event_time
FROM ATMOSYNC_DB.RAW_DATA.CONTAINER_SENSOR_DATA
  )
/* {"app": "dbt", "dbt_version": "1.12.0", "profile_name": "atmosync", "target_name": "dev", "node_id": "model.atmosync.stg_sensor_data"} */;
[0m01:47:08.065198 [debug] [Thread-2 (]: SQL status: SUCCESS 1 in 0.324 seconds
[0m01:47:08.134755 [debug] [Thread-2 (]: Sending event: {'category': 'dbt', 'action': 'run_model', 'label': 'c7c5fbbf-9341-4127-afbf-bc4f582539d1', 'context': [<snowplow_tracker.self_describing_json.SelfDescribingJson object at 0x000002ACA58B8680>]}
[0m01:47:08.135748 [info ] [Thread-2 (]: 2 of 3 OK created sql view model RAW_DATA.stg_sensor_data ...................... [[32mSUCCESS 1[0m in 0.41s]
[0m01:47:08.137245 [debug] [Thread-2 (]: Finished running node model.atmosync.stg_sensor_data
[0m01:47:08.138629 [debug] [Thread-2 (]: Began running node model.atmosync.fact_container_data
[0m01:47:08.139331 [info ] [Thread-2 (]: 3 of 3 SKIP relation RAW_DATA.fact_container_data .............................. [[33mSKIP[0m]
[0m01:47:08.140394 [debug] [Thread-2 (]: Finished running node model.atmosync.fact_container_data
[0m01:47:08.142378 [debug] [MainThread]: Connection 'master' was properly closed.
[0m01:47:08.142895 [debug] [MainThread]: Connection 'list_ATMOSYNC_DB' was left open.
[0m01:47:08.143372 [debug] [MainThread]: On list_ATMOSYNC_DB: Close
[0m01:47:08.396032 [debug] [MainThread]: Connection 'list_ATMOSYNC_DB_RAW_DATA' was left open.
[0m01:47:08.396762 [debug] [MainThread]: On list_ATMOSYNC_DB_RAW_DATA: Close
[0m01:47:08.655736 [debug] [MainThread]: Connection 'model.atmosync.stg_sensor_data' was left open.
[0m01:47:08.656951 [debug] [MainThread]: On model.atmosync.stg_sensor_data: Close
[0m01:47:08.940356 [info ] [MainThread]: 
[0m01:47:08.941713 [info ] [MainThread]: Finished running 3 view models in 0 hours 0 minutes and 5.52 seconds (5.52s).
[0m01:47:08.944424 [debug] [MainThread]: Command end result
[0m01:47:09.026107 [debug] [MainThread]: Wrote artifact WritableManifest to C:\AtmoSync\dbt\target\manifest.json
[0m01:47:09.032282 [debug] [MainThread]: Wrote artifact SemanticManifest to C:\AtmoSync\dbt\target\semantic_manifest.json
[0m01:47:09.042535 [debug] [MainThread]: Wrote artifact OsiDocument to C:\AtmoSync\dbt\target\osi_document.json
[0m01:47:09.063738 [debug] [MainThread]: Wrote artifact RunExecutionResult to C:\AtmoSync\dbt\target\run_results.json
[0m01:47:09.064662 [info ] [MainThread]: 
[0m01:47:09.065805 [info ] [MainThread]: [31mCompleted with 1 error, 0 partial successes, and 0 warnings:[0m
[0m01:47:09.066807 [info ] [MainThread]: 
[0m01:47:09.067838 [error] [MainThread]: [[31mERROR[0m]: in model stg_commodity (models\stg_commodity.sql)
[0m01:47:09.068903 [error] [MainThread]:   Database Error in model stg_commodity (models\stg_commodity.sql)
  002003 (42S02): SQL compilation error:
  Object 'ATMOSYNC_DB.RAW_DATA.COMMODITY_PRICE' does not exist or not authorized.
  compiled code at target\run\atmosync\models\stg_commodity.sql
[0m01:47:09.069871 [info ] [MainThread]: 
[0m01:47:09.071181 [info ] [MainThread]:   compiled code at target\compiled\atmosync\models\stg_commodity.sql
[0m01:47:09.072975 [info ] [MainThread]: 
[0m01:47:09.075970 [info ] [MainThread]: Done. PASS=1 WARN=0 ERROR=1 SKIP=1 NO-OP=0 REUSED=0 TOTAL=3
[0m01:47:09.079223 [debug] [MainThread]: Command `dbt run` failed at 01:47:09.078826 after 10.56 seconds
[0m01:47:09.080600 [debug] [MainThread]: Sending event: {'category': 'dbt', 'action': 'invocation', 'label': 'end', 'context': [<snowplow_tracker.self_describing_json.SelfDescribingJson object at 0x000002ACA584BE30>, <snowplow_tracker.self_describing_json.SelfDescribingJson object at 0x000002ACA573B260>, <snowplow_tracker.self_describing_json.SelfDescribingJson object at 0x000002ACA442F9D0>]}
[0m01:47:09.082434 [debug] [MainThread]: Flushing usage events
[0m01:47:11.414619 [debug] [MainThread]: An error was encountered while trying to flush usage events
[0m01:57:37.631041 [debug] [MainThread]: Sending event: {'category': 'dbt', 'action': 'invocation', 'label': 'start', 'context': [<snowplow_tracker.self_describing_json.SelfDescribingJson object at 0x0000013E772CD550>, <snowplow_tracker.self_describing_json.SelfDescribingJson object at 0x0000013E79897ED0>, <snowplow_tracker.self_describing_json.SelfDescribingJson object at 0x0000013E79897B10>]}


============================== 01:57:37.640999 | e0602a37-1ca3-4d23-b51b-1fd901fb2568 ==============================
[0m01:57:37.640999 [info ] [MainThread]: Running with dbt=1.12.0
[0m01:57:37.642622 [debug] [MainThread]: running dbt with arguments {'maximum_seed_size_mib': '1', 'no_print': 'None', 'version_check': 'True', 'warn_error_options': 'WarnErrorOptionsV2(error=[], warn=[], silence=[])', 'target_path': 'None', 'static_parser': 'True', 'printer_width': '80', 'write_json': 'True', 'empty': 'False', 'log_cache_events': 'False', 'introspect': 'True', 'cache_selected_only': 'False', 'log_format': 'default', 'debug': 'False', 'fail_fast': 'False', 'partial_parse': 'True', 'send_anonymous_usage_stats': 'True', 'quiet': 'False', 'warn_error': 'None', 'profiles_dir': 'C:\\AtmoSync\\dbt', 'indirect_selection': 'eager', 'hints_enabled': 'True', 'use_colors': 'True', 'use_experimental_parser': 'False', 'invocation_command': 'dbt compile', 'log_path': 'C:\\AtmoSync\\dbt\\logs'}
[0m01:57:39.532459 [debug] [MainThread]: Snowflake adapter: Setting snowflake.connector to ERROR (file logging only)
[0m01:57:39.533316 [debug] [MainThread]: Snowflake adapter: Setting botocore to ERROR (file logging only)
[0m01:57:39.533867 [debug] [MainThread]: Snowflake adapter: Setting boto3 to ERROR (file logging only)
[0m01:57:40.193570 [debug] [MainThread]: Sending event: {'category': 'dbt', 'action': 'project_id', 'label': 'e0602a37-1ca3-4d23-b51b-1fd901fb2568', 'context': [<snowplow_tracker.self_describing_json.SelfDescribingJson object at 0x0000013E777B6780>]}
[0m01:57:40.315483 [debug] [MainThread]: Sending event: {'category': 'dbt', 'action': 'adapter_info', 'label': 'e0602a37-1ca3-4d23-b51b-1fd901fb2568', 'context': [<snowplow_tracker.self_describing_json.SelfDescribingJson object at 0x0000013E0517FF00>]}
[0m01:57:40.317971 [info ] [MainThread]: Registered adapter: snowflake=1.12.0
[0m01:57:41.115626 [debug] [MainThread]: checksum: 15948c77f26fc04b93f8c33c7d3d95880cdcb8b78a46bd5069b548daa14b9be5, vars: {}, profile: atmosync, target: dev, version: 1.12.0
[0m01:57:41.400618 [debug] [MainThread]: Partial parsing enabled: 0 files deleted, 0 files added, 0 files changed.
[0m01:57:41.401199 [debug] [MainThread]: Nothing changed, skipping partial parsing.
[0m01:57:41.401621 [debug] [MainThread]: Partial parsing enabled, no changes found, skipping parsing
[0m01:57:41.416718 [debug] [MainThread]: Sending event: {'category': 'dbt', 'action': 'load_project', 'label': 'e0602a37-1ca3-4d23-b51b-1fd901fb2568', 'context': [<snowplow_tracker.self_describing_json.SelfDescribingJson object at 0x0000013E05567850>]}
[0m01:57:41.621311 [debug] [MainThread]: Wrote artifact WritableManifest to C:\AtmoSync\dbt\target\manifest.json
[0m01:57:41.627360 [debug] [MainThread]: Wrote artifact SemanticManifest to C:\AtmoSync\dbt\target\semantic_manifest.json
[0m01:57:41.683525 [debug] [MainThread]: Wrote artifact OsiDocument to C:\AtmoSync\dbt\target\osi_document.json
[0m01:57:41.703985 [debug] [MainThread]: Sending event: {'category': 'dbt', 'action': 'resource_counts', 'label': 'e0602a37-1ca3-4d23-b51b-1fd901fb2568', 'context': [<snowplow_tracker.self_describing_json.SelfDescribingJson object at 0x0000013E058988C0>]}
[0m01:57:41.705183 [info ] [MainThread]: Found 3 models, 2 sources, 545 macros
[0m01:57:41.706258 [debug] [MainThread]: Sending event: {'category': 'dbt', 'action': 'runnable_timing', 'label': 'e0602a37-1ca3-4d23-b51b-1fd901fb2568', 'context': [<snowplow_tracker.self_describing_json.SelfDescribingJson object at 0x0000013E058A9EF0>]}
[0m01:57:41.710138 [info ] [MainThread]: 
[0m01:57:41.711133 [info ] [MainThread]: Concurrency: 1 threads (target='dev')
[0m01:57:41.712580 [info ] [MainThread]: 
[0m01:57:41.714310 [debug] [MainThread]: Acquiring new snowflake connection 'master'
[0m01:57:41.724414 [debug] [ThreadPool]: Acquiring new snowflake connection 'list_ATMOSYNC_DB_RAW_DATA'
[0m01:57:41.765588 [debug] [ThreadPool]: Using snowflake connection "list_ATMOSYNC_DB_RAW_DATA"
[0m01:57:41.766648 [debug] [ThreadPool]: On list_ATMOSYNC_DB_RAW_DATA: show objects in ATMOSYNC_DB.RAW_DATA
    limit 10000
    

/* {"app": "dbt", "dbt_version": "1.12.0", "profile_name": "atmosync", "target_name": "dev", "connection_name": "list_ATMOSYNC_DB_RAW_DATA"} */;
[0m01:57:41.767502 [debug] [ThreadPool]: Opening a new connection, currently in state init
[0m01:57:43.530933 [debug] [ThreadPool]: SQL status: SUCCESS 2 in 1.763 seconds
[0m01:57:43.560234 [debug] [ThreadPool]: Using snowflake connection "list_ATMOSYNC_DB_RAW_DATA"
[0m01:57:43.561907 [debug] [ThreadPool]: On list_ATMOSYNC_DB_RAW_DATA: show user functions in ATMOSYNC_DB.RAW_DATA
/* {"app": "dbt", "dbt_version": "1.12.0", "profile_name": "atmosync", "target_name": "dev", "connection_name": "list_ATMOSYNC_DB_RAW_DATA"} */
[0m01:57:43.833318 [debug] [ThreadPool]: SQL status: SUCCESS 0 in 0.270 seconds
[0m01:57:43.843089 [debug] [MainThread]: Sending event: {'category': 'dbt', 'action': 'runnable_timing', 'label': 'e0602a37-1ca3-4d23-b51b-1fd901fb2568', 'context': [<snowplow_tracker.self_describing_json.SelfDescribingJson object at 0x0000013E058B3E10>]}
[0m01:57:43.859058 [debug] [Thread-2 (]: Began running node model.atmosync.stg_commodity
[0m01:57:43.861441 [debug] [Thread-2 (]: Acquiring new snowflake connection 'model.atmosync.stg_commodity'
[0m01:57:43.863022 [debug] [Thread-2 (]: Began compiling node model.atmosync.stg_commodity
[0m01:57:43.887734 [debug] [Thread-2 (]: Writing injected SQL for node "model.atmosync.stg_commodity"
[0m01:57:43.891326 [debug] [Thread-2 (]: Began executing node model.atmosync.stg_commodity
[0m01:57:43.893491 [debug] [Thread-2 (]: Finished running node model.atmosync.stg_commodity
[0m01:57:43.894380 [debug] [Thread-2 (]: Began running node model.atmosync.stg_sensor_data
[0m01:57:43.895728 [debug] [Thread-2 (]: Re-using an available connection from the pool (formerly model.atmosync.stg_commodity, now model.atmosync.stg_sensor_data)
[0m01:57:43.897048 [debug] [Thread-2 (]: Began compiling node model.atmosync.stg_sensor_data
[0m01:57:43.902196 [debug] [Thread-2 (]: Writing injected SQL for node "model.atmosync.stg_sensor_data"
[0m01:57:43.904909 [debug] [Thread-2 (]: Began executing node model.atmosync.stg_sensor_data
[0m01:57:43.906967 [debug] [Thread-2 (]: Finished running node model.atmosync.stg_sensor_data
[0m01:57:43.908702 [debug] [Thread-2 (]: Began running node model.atmosync.fact_container_data
[0m01:57:43.910035 [debug] [Thread-2 (]: Re-using an available connection from the pool (formerly model.atmosync.stg_sensor_data, now model.atmosync.fact_container_data)
[0m01:57:43.911198 [debug] [Thread-2 (]: Began compiling node model.atmosync.fact_container_data
[0m01:57:43.919481 [debug] [Thread-2 (]: Writing injected SQL for node "model.atmosync.fact_container_data"
[0m01:57:43.929456 [debug] [Thread-2 (]: Began executing node model.atmosync.fact_container_data
[0m01:57:43.932946 [debug] [Thread-2 (]: Finished running node model.atmosync.fact_container_data
[0m01:57:43.935756 [debug] [MainThread]: Connection 'master' was properly closed.
[0m01:57:43.936576 [debug] [MainThread]: Connection 'list_ATMOSYNC_DB_RAW_DATA' was left open.
[0m01:57:43.937094 [debug] [MainThread]: On list_ATMOSYNC_DB_RAW_DATA: Close
[0m01:57:44.342598 [debug] [MainThread]: Connection 'model.atmosync.fact_container_data' was properly closed.
[0m01:57:44.346981 [debug] [MainThread]: Command end result
[0m01:57:44.431165 [debug] [MainThread]: Wrote artifact WritableManifest to C:\AtmoSync\dbt\target\manifest.json
[0m01:57:44.436702 [debug] [MainThread]: Wrote artifact SemanticManifest to C:\AtmoSync\dbt\target\semantic_manifest.json
[0m01:57:44.442705 [debug] [MainThread]: Wrote artifact OsiDocument to C:\AtmoSync\dbt\target\osi_document.json
[0m01:57:44.456731 [debug] [MainThread]: Wrote artifact RunExecutionResult to C:\AtmoSync\dbt\target\run_results.json
[0m01:57:44.458419 [debug] [MainThread]: Command `dbt compile` succeeded at 01:57:44.458209 after 7.14 seconds
[0m01:57:44.459025 [debug] [MainThread]: Sending event: {'category': 'dbt', 'action': 'invocation', 'label': 'end', 'context': [<snowplow_tracker.self_describing_json.SelfDescribingJson object at 0x0000013E7956F350>, <snowplow_tracker.self_describing_json.SelfDescribingJson object at 0x0000013E06AFA2B0>, <snowplow_tracker.self_describing_json.SelfDescribingJson object at 0x0000013E06AFA150>]}
[0m01:57:44.459586 [debug] [MainThread]: Flushing usage events
[0m01:57:47.430551 [debug] [MainThread]: An error was encountered while trying to flush usage events
[0m02:03:30.648047 [debug] [MainThread]: Sending event: {'category': 'dbt', 'action': 'invocation', 'label': 'start', 'context': [<snowplow_tracker.self_describing_json.SelfDescribingJson object at 0x000001FAD1221550>, <snowplow_tracker.self_describing_json.SelfDescribingJson object at 0x000001FACCE1CB90>, <snowplow_tracker.self_describing_json.SelfDescribingJson object at 0x000001FAD3773B10>]}


============================== 02:03:30.656813 | cdddcd74-f0db-422d-b594-841f921f51ba ==============================
[0m02:03:30.656813 [info ] [MainThread]: Running with dbt=1.12.0
[0m02:03:30.658770 [debug] [MainThread]: running dbt with arguments {'static_parser': 'True', 'no_print': 'None', 'maximum_seed_size_mib': '1', 'warn_error_options': 'WarnErrorOptionsV2(error=[], warn=[], silence=[])', 'version_check': 'True', 'target_path': 'None', 'printer_width': '80', 'write_json': 'True', 'introspect': 'True', 'log_cache_events': 'False', 'empty': 'None', 'cache_selected_only': 'False', 'log_format': 'default', 'debug': 'False', 'fail_fast': 'False', 'partial_parse': 'True', 'send_anonymous_usage_stats': 'True', 'quiet': 'False', 'warn_error': 'None', 'profiles_dir': 'C:\\AtmoSync\\dbt', 'invocation_command': 'dbt clean', 'hints_enabled': 'True', 'use_colors': 'True', 'use_experimental_parser': 'False', 'indirect_selection': 'eager', 'log_path': 'C:\\AtmoSync\\dbt\\logs'}
[0m02:03:31.139501 [debug] [MainThread]: Sending event: {'category': 'dbt', 'action': 'project_id', 'label': 'cdddcd74-f0db-422d-b594-841f921f51ba', 'context': [<snowplow_tracker.self_describing_json.SelfDescribingJson object at 0x000001FAD1706780>]}
[0m02:03:31.238056 [debug] [MainThread]: Command `dbt clean` succeeded at 02:03:31.237620 after 1.03 seconds
[0m02:03:31.239890 [debug] [MainThread]: Sending event: {'category': 'dbt', 'action': 'invocation', 'label': 'end', 'context': [<snowplow_tracker.self_describing_json.SelfDescribingJson object at 0x000001FAD391E7A0>, <snowplow_tracker.self_describing_json.SelfDescribingJson object at 0x000001FAD391FBD0>, <snowplow_tracker.self_describing_json.SelfDescribingJson object at 0x000001FAD35EB150>]}
[0m02:03:31.241730 [debug] [MainThread]: Flushing usage events
[0m02:03:33.930718 [debug] [MainThread]: An error was encountered while trying to flush usage events
[0m02:03:46.571120 [debug] [MainThread]: Sending event: {'category': 'dbt', 'action': 'invocation', 'label': 'start', 'context': [<snowplow_tracker.self_describing_json.SelfDescribingJson object at 0x0000015249F5D550>, <snowplow_tracker.self_describing_json.SelfDescribingJson object at 0x0000015245B2CB90>, <snowplow_tracker.self_describing_json.SelfDescribingJson object at 0x000001524C4AFB10>]}


============================== 02:03:46.578914 | 0d148794-b252-4ca3-9ae8-11ec4c0a49c2 ==============================
[0m02:03:46.578914 [info ] [MainThread]: Running with dbt=1.12.0
[0m02:03:46.580291 [debug] [MainThread]: running dbt with arguments {'static_parser': 'True', 'no_print': 'None', 'maximum_seed_size_mib': '1', 'target_path': 'None', 'warn_error_options': 'WarnErrorOptionsV2(error=[], warn=[], silence=[])', 'version_check': 'True', 'printer_width': '80', 'write_json': 'True', 'empty': 'None', 'log_cache_events': 'False', 'introspect': 'True', 'cache_selected_only': 'False', 'fail_fast': 'False', 'debug': 'False', 'log_format': 'default', 'profiles_dir': 'C:\\AtmoSync\\dbt', 'send_anonymous_usage_stats': 'True', 'quiet': 'False', 'warn_error': 'None', 'partial_parse': 'True', 'use_colors': 'True', 'hints_enabled': 'True', 'indirect_selection': 'eager', 'use_experimental_parser': 'False', 'invocation_command': 'dbt deps', 'log_path': 'C:\\AtmoSync\\dbt\\logs'}
[0m02:03:47.098759 [debug] [MainThread]: Sending event: {'category': 'dbt', 'action': 'project_id', 'label': '0d148794-b252-4ca3-9ae8-11ec4c0a49c2', 'context': [<snowplow_tracker.self_describing_json.SelfDescribingJson object at 0x000001524A446780>]}
[0m02:03:47.340794 [info ] [MainThread]: Warning: No packages were found in packages.yml
[0m02:03:47.344898 [info ] [MainThread]: Warning: No packages were found in packages.yml
[0m02:03:47.346779 [debug] [MainThread]: Command `dbt deps` succeeded at 02:03:47.346549 after 1.02 seconds
[0m02:03:47.347396 [debug] [MainThread]: Sending event: {'category': 'dbt', 'action': 'invocation', 'label': 'end', 'context': [<snowplow_tracker.self_describing_json.SelfDescribingJson object at 0x0000015249661480>, <snowplow_tracker.self_describing_json.SelfDescribingJson object at 0x000001524C708270>, <snowplow_tracker.self_describing_json.SelfDescribingJson object at 0x000001524C32AD50>]}
[0m02:03:47.347993 [debug] [MainThread]: Flushing usage events
[0m02:03:49.830094 [debug] [MainThread]: An error was encountered while trying to flush usage events
[0m02:04:13.034570 [debug] [MainThread]: Sending event: {'category': 'dbt', 'action': 'invocation', 'label': 'start', 'context': [<snowplow_tracker.self_describing_json.SelfDescribingJson object at 0x0000024870591550>, <snowplow_tracker.self_describing_json.SelfDescribingJson object at 0x0000024872B57ED0>, <snowplow_tracker.self_describing_json.SelfDescribingJson object at 0x0000024872B57B10>]}


============================== 02:04:13.042616 | 8d6a98d5-0c5c-4455-b1b5-5b3710a396d8 ==============================
[0m02:04:13.042616 [info ] [MainThread]: Running with dbt=1.12.0
[0m02:04:13.043965 [debug] [MainThread]: running dbt with arguments {'maximum_seed_size_mib': '1', 'no_print': 'None', 'static_parser': 'True', 'warn_error_options': 'WarnErrorOptionsV2(error=[], warn=[], silence=[])', 'version_check': 'True', 'target_path': 'None', 'printer_width': '80', 'write_json': 'True', 'introspect': 'True', 'log_cache_events': 'False', 'empty': 'False', 'cache_selected_only': 'False', 'fail_fast': 'False', 'debug': 'False', 'log_format': 'default', 'partial_parse': 'True', 'send_anonymous_usage_stats': 'True', 'quiet': 'False', 'warn_error': 'None', 'profiles_dir': 'C:\\AtmoSync\\dbt', 'invocation_command': 'dbt run --full-refresh', 'hints_enabled': 'True', 'indirect_selection': 'eager', 'use_experimental_parser': 'False', 'use_colors': 'True', 'log_path': 'C:\\AtmoSync\\dbt\\logs'}
[0m02:04:15.442056 [debug] [MainThread]: Snowflake adapter: Setting snowflake.connector to ERROR (file logging only)
[0m02:04:15.443418 [debug] [MainThread]: Snowflake adapter: Setting botocore to ERROR (file logging only)
[0m02:04:15.444418 [debug] [MainThread]: Snowflake adapter: Setting boto3 to ERROR (file logging only)
[0m02:04:16.584759 [debug] [MainThread]: Sending event: {'category': 'dbt', 'action': 'project_id', 'label': '8d6a98d5-0c5c-4455-b1b5-5b3710a396d8', 'context': [<snowplow_tracker.self_describing_json.SelfDescribingJson object at 0x0000024870A72780>]}
[0m02:04:16.858750 [debug] [MainThread]: Sending event: {'category': 'dbt', 'action': 'adapter_info', 'label': '8d6a98d5-0c5c-4455-b1b5-5b3710a396d8', 'context': [<snowplow_tracker.self_describing_json.SelfDescribingJson object at 0x000002487E23FF00>]}
[0m02:04:16.862687 [info ] [MainThread]: Registered adapter: snowflake=1.12.0
[0m02:04:18.587903 [debug] [MainThread]: checksum: 15948c77f26fc04b93f8c33c7d3d95880cdcb8b78a46bd5069b548daa14b9be5, vars: {}, profile: atmosync, target: dev, version: 1.12.0
[0m02:04:18.591104 [info ] [MainThread]: Unable to do partial parsing because saved manifest not found. Starting full parse.
[0m02:04:18.592681 [debug] [MainThread]: Sending event: {'category': 'dbt', 'action': 'partial_parser', 'label': '8d6a98d5-0c5c-4455-b1b5-5b3710a396d8', 'context': [<snowplow_tracker.self_describing_json.SelfDescribingJson object at 0x000002487DE47250>]}
[0m02:04:22.823757 [debug] [MainThread]: Sending event: {'category': 'dbt', 'action': 'load_project', 'label': '8d6a98d5-0c5c-4455-b1b5-5b3710a396d8', 'context': [<snowplow_tracker.self_describing_json.SelfDescribingJson object at 0x00000248729BB980>]}
[0m02:04:23.107066 [debug] [MainThread]: Wrote artifact WritableManifest to C:\AtmoSync\dbt\target\manifest.json
[0m02:04:23.119944 [debug] [MainThread]: Wrote artifact SemanticManifest to C:\AtmoSync\dbt\target\semantic_manifest.json
[0m02:04:23.201384 [debug] [MainThread]: Wrote artifact OsiDocument to C:\AtmoSync\dbt\target\osi_document.json
[0m02:04:23.238662 [debug] [MainThread]: Sending event: {'category': 'dbt', 'action': 'resource_counts', 'label': '8d6a98d5-0c5c-4455-b1b5-5b3710a396d8', 'context': [<snowplow_tracker.self_describing_json.SelfDescribingJson object at 0x000002487EABECF0>]}
[0m02:04:23.240135 [info ] [MainThread]: Found 3 models, 2 sources, 545 macros
[0m02:04:23.241612 [debug] [MainThread]: Sending event: {'category': 'dbt', 'action': 'runnable_timing', 'label': '8d6a98d5-0c5c-4455-b1b5-5b3710a396d8', 'context': [<snowplow_tracker.self_describing_json.SelfDescribingJson object at 0x000002487E7E76C0>]}
[0m02:04:23.246505 [info ] [MainThread]: 
[0m02:04:23.248248 [info ] [MainThread]: Concurrency: 1 threads (target='dev')
[0m02:04:23.250772 [info ] [MainThread]: 
[0m02:04:23.254265 [debug] [MainThread]: Acquiring new snowflake connection 'master'
[0m02:04:23.270148 [debug] [ThreadPool]: Acquiring new snowflake connection 'list_ATMOSYNC_DB'
[0m02:04:23.318951 [debug] [ThreadPool]: Using snowflake connection "list_ATMOSYNC_DB"
[0m02:04:23.319955 [debug] [ThreadPool]: On list_ATMOSYNC_DB: show terse schemas in database ATMOSYNC_DB
    limit 10000
/* {"app": "dbt", "dbt_version": "1.12.0", "profile_name": "atmosync", "target_name": "dev", "connection_name": "list_ATMOSYNC_DB"} */
[0m02:04:23.320773 [debug] [ThreadPool]: Opening a new connection, currently in state init
[0m02:04:25.561150 [debug] [ThreadPool]: SQL status: SUCCESS 3 in 2.240 seconds
[0m02:04:25.572029 [debug] [ThreadPool]: Acquiring new snowflake connection 'list_ATMOSYNC_DB_RAW_DATA'
[0m02:04:25.608108 [debug] [ThreadPool]: Using snowflake connection "list_ATMOSYNC_DB_RAW_DATA"
[0m02:04:25.609130 [debug] [ThreadPool]: On list_ATMOSYNC_DB_RAW_DATA: show objects in ATMOSYNC_DB.RAW_DATA
    limit 10000
    

/* {"app": "dbt", "dbt_version": "1.12.0", "profile_name": "atmosync", "target_name": "dev", "connection_name": "list_ATMOSYNC_DB_RAW_DATA"} */;
[0m02:04:25.609938 [debug] [ThreadPool]: Opening a new connection, currently in state init
[0m02:04:26.633748 [debug] [ThreadPool]: SQL status: SUCCESS 2 in 1.024 seconds
[0m02:04:26.658864 [debug] [ThreadPool]: Using snowflake connection "list_ATMOSYNC_DB_RAW_DATA"
[0m02:04:26.660228 [debug] [ThreadPool]: On list_ATMOSYNC_DB_RAW_DATA: show user functions in ATMOSYNC_DB.RAW_DATA
/* {"app": "dbt", "dbt_version": "1.12.0", "profile_name": "atmosync", "target_name": "dev", "connection_name": "list_ATMOSYNC_DB_RAW_DATA"} */
[0m02:04:26.873239 [debug] [ThreadPool]: SQL status: SUCCESS 0 in 0.212 seconds
[0m02:04:26.883156 [debug] [MainThread]: Sending event: {'category': 'dbt', 'action': 'runnable_timing', 'label': '8d6a98d5-0c5c-4455-b1b5-5b3710a396d8', 'context': [<snowplow_tracker.self_describing_json.SelfDescribingJson object at 0x000002487EACEC90>]}
[0m02:04:26.899037 [debug] [Thread-2 (]: Began running node model.atmosync.stg_commodity
[0m02:04:26.901358 [info ] [Thread-2 (]: 1 of 3 START sql view model RAW_DATA.stg_commodity ............................. [RUN]
[0m02:04:26.904480 [debug] [Thread-2 (]: Acquiring new snowflake connection 'model.atmosync.stg_commodity'
[0m02:04:26.906080 [debug] [Thread-2 (]: Began compiling node model.atmosync.stg_commodity
[0m02:04:26.938637 [debug] [Thread-2 (]: Writing injected SQL for node "model.atmosync.stg_commodity"
[0m02:04:26.943037 [debug] [Thread-2 (]: Began executing node model.atmosync.stg_commodity
[0m02:04:27.028282 [debug] [Thread-2 (]: Writing runtime sql for node "model.atmosync.stg_commodity"
[0m02:04:27.036101 [debug] [Thread-2 (]: Using snowflake connection "model.atmosync.stg_commodity"
[0m02:04:27.038290 [debug] [Thread-2 (]: On model.atmosync.stg_commodity: create or replace   view ATMOSYNC_DB.RAW_DATA.stg_commodity
  
  
  
  
  as (
    SELECT
    commodity,
    market,
    price,
    updated_time
FROM ATMOSYNC_DB.RAW_DATA.COMMODITY_PRICE
  )
/* {"app": "dbt", "dbt_version": "1.12.0", "profile_name": "atmosync", "target_name": "dev", "node_id": "model.atmosync.stg_commodity"} */;
[0m02:04:27.040719 [debug] [Thread-2 (]: Opening a new connection, currently in state init
[0m02:04:28.007333 [debug] [Thread-2 (]: Snowflake adapter: Snowflake query id: 01c5fef2-3203-049b-0017-a0120010a09a
[0m02:04:28.009338 [debug] [Thread-2 (]: Snowflake adapter: Snowflake error: 002003 (42S02): SQL compilation error:
Object 'ATMOSYNC_DB.RAW_DATA.COMMODITY_PRICE' does not exist or not authorized.
[0m02:04:28.045356 [debug] [Thread-2 (]: Database Error in model stg_commodity (models\stg_commodity.sql)
  002003 (42S02): SQL compilation error:
  Object 'ATMOSYNC_DB.RAW_DATA.COMMODITY_PRICE' does not exist or not authorized.
  compiled code at target\run\atmosync\models\stg_commodity.sql
[0m02:04:28.053840 [debug] [Thread-2 (]: Sending event: {'category': 'dbt', 'action': 'run_model', 'label': '8d6a98d5-0c5c-4455-b1b5-5b3710a396d8', 'context': [<snowplow_tracker.self_describing_json.SelfDescribingJson object at 0x000002487FDDD5A0>]}
[0m02:04:28.055617 [error] [Thread-2 (]: 1 of 3 ERROR creating sql view model RAW_DATA.stg_commodity .................... [[31mERROR[0m in 1.14s]
[0m02:04:28.057818 [debug] [Thread-2 (]: Finished running node model.atmosync.stg_commodity
[0m02:04:28.059024 [debug] [Thread-2 (]: Began running node model.atmosync.stg_sensor_data
[0m02:04:28.060495 [debug] [Thread-5 (]: Marking all children of 'model.atmosync.stg_commodity' to be skipped because of status 'error'.  Reason: Database Error in model stg_commodity (models\stg_commodity.sql)
  002003 (42S02): SQL compilation error:
  Object 'ATMOSYNC_DB.RAW_DATA.COMMODITY_PRICE' does not exist or not authorized.
  compiled code at target\run\atmosync\models\stg_commodity.sql.
[0m02:04:28.061819 [info ] [Thread-2 (]: 2 of 3 START sql view model RAW_DATA.stg_sensor_data ........................... [RUN]
[0m02:04:28.067559 [debug] [Thread-2 (]: Re-using an available connection from the pool (formerly model.atmosync.stg_commodity, now model.atmosync.stg_sensor_data)
[0m02:04:28.068760 [debug] [Thread-2 (]: Began compiling node model.atmosync.stg_sensor_data
[0m02:04:28.073397 [debug] [Thread-2 (]: Writing injected SQL for node "model.atmosync.stg_sensor_data"
[0m02:04:28.076443 [debug] [Thread-2 (]: Began executing node model.atmosync.stg_sensor_data
[0m02:04:28.086197 [debug] [Thread-2 (]: Writing runtime sql for node "model.atmosync.stg_sensor_data"
[0m02:04:28.091891 [debug] [Thread-2 (]: Using snowflake connection "model.atmosync.stg_sensor_data"
[0m02:04:28.093278 [debug] [Thread-2 (]: On model.atmosync.stg_sensor_data: create or replace   view ATMOSYNC_DB.RAW_DATA.stg_sensor_data
  
  
  
  
  as (
    SELECT
    container_id,
    commodity,
    location,
    temperature,
    humidity,
    vibration,
    battery_level,
    sensor_status,
    event_time
FROM ATMOSYNC_DB.RAW_DATA.CONTAINER_SENSOR_DATA
  )
/* {"app": "dbt", "dbt_version": "1.12.0", "profile_name": "atmosync", "target_name": "dev", "node_id": "model.atmosync.stg_sensor_data"} */;
[0m02:04:28.393033 [debug] [Thread-2 (]: SQL status: SUCCESS 1 in 0.298 seconds
[0m02:04:28.472187 [debug] [Thread-2 (]: Sending event: {'category': 'dbt', 'action': 'run_model', 'label': '8d6a98d5-0c5c-4455-b1b5-5b3710a396d8', 'context': [<snowplow_tracker.self_describing_json.SelfDescribingJson object at 0x0000024872BD2C10>]}
[0m02:04:28.473886 [info ] [Thread-2 (]: 2 of 3 OK created sql view model RAW_DATA.stg_sensor_data ...................... [[32mSUCCESS 1[0m in 0.40s]
[0m02:04:28.476314 [debug] [Thread-2 (]: Finished running node model.atmosync.stg_sensor_data
[0m02:04:28.478248 [debug] [Thread-2 (]: Began running node model.atmosync.fact_container_data
[0m02:04:28.479679 [info ] [Thread-2 (]: 3 of 3 SKIP relation RAW_DATA.fact_container_data .............................. [[33mSKIP[0m]
[0m02:04:28.482233 [debug] [Thread-2 (]: Finished running node model.atmosync.fact_container_data
[0m02:04:28.487299 [debug] [MainThread]: Connection 'master' was properly closed.
[0m02:04:28.488579 [debug] [MainThread]: Connection 'list_ATMOSYNC_DB' was left open.
[0m02:04:28.489515 [debug] [MainThread]: On list_ATMOSYNC_DB: Close
[0m02:04:28.924156 [debug] [MainThread]: Connection 'list_ATMOSYNC_DB_RAW_DATA' was left open.
[0m02:04:28.925644 [debug] [MainThread]: On list_ATMOSYNC_DB_RAW_DATA: Close
[0m02:04:29.191430 [debug] [MainThread]: Connection 'model.atmosync.stg_sensor_data' was left open.
[0m02:04:29.193159 [debug] [MainThread]: On model.atmosync.stg_sensor_data: Close
[0m02:04:29.457686 [info ] [MainThread]: 
[0m02:04:29.460211 [info ] [MainThread]: Finished running 3 view models in 0 hours 0 minutes and 6.20 seconds (6.20s).
[0m02:04:29.468839 [debug] [MainThread]: Command end result
[0m02:04:29.599956 [debug] [MainThread]: Wrote artifact WritableManifest to C:\AtmoSync\dbt\target\manifest.json
[0m02:04:29.610435 [debug] [MainThread]: Wrote artifact SemanticManifest to C:\AtmoSync\dbt\target\semantic_manifest.json
[0m02:04:29.623153 [debug] [MainThread]: Wrote artifact OsiDocument to C:\AtmoSync\dbt\target\osi_document.json
[0m02:04:29.651326 [debug] [MainThread]: Wrote artifact RunExecutionResult to C:\AtmoSync\dbt\target\run_results.json
[0m02:04:29.652623 [info ] [MainThread]: 
[0m02:04:29.654224 [info ] [MainThread]: [31mCompleted with 1 error, 0 partial successes, and 0 warnings:[0m
[0m02:04:29.655604 [info ] [MainThread]: 
[0m02:04:29.657193 [error] [MainThread]: [[31mERROR[0m]: in model stg_commodity (models\stg_commodity.sql)
[0m02:04:29.658854 [error] [MainThread]:   Database Error in model stg_commodity (models\stg_commodity.sql)
  002003 (42S02): SQL compilation error:
  Object 'ATMOSYNC_DB.RAW_DATA.COMMODITY_PRICE' does not exist or not authorized.
  compiled code at target\run\atmosync\models\stg_commodity.sql
[0m02:04:29.661323 [info ] [MainThread]: 
[0m02:04:29.664475 [info ] [MainThread]:   compiled code at target\compiled\atmosync\models\stg_commodity.sql
[0m02:04:29.666639 [info ] [MainThread]: 
[0m02:04:29.668843 [info ] [MainThread]: Done. PASS=1 WARN=0 ERROR=1 SKIP=1 NO-OP=0 REUSED=0 TOTAL=3
[0m02:04:29.671516 [debug] [MainThread]: Command `dbt run` failed at 02:04:29.671170 after 16.89 seconds
[0m02:04:29.672666 [debug] [MainThread]: Sending event: {'category': 'dbt', 'action': 'invocation', 'label': 'end', 'context': [<snowplow_tracker.self_describing_json.SelfDescribingJson object at 0x000002487EAB7750>, <snowplow_tracker.self_describing_json.SelfDescribingJson object at 0x000002487E9B97D0>, <snowplow_tracker.self_describing_json.SelfDescribingJson object at 0x0000024872B96200>]}
[0m02:04:29.673649 [debug] [MainThread]: Flushing usage events
[0m02:04:35.407814 [debug] [MainThread]: An error was encountered while trying to flush usage events
[0m02:08:00.085111 [debug] [MainThread]: Sending event: {'category': 'dbt', 'action': 'invocation', 'label': 'start', 'context': [<snowplow_tracker.self_describing_json.SelfDescribingJson object at 0x000001AD6BFAD550>, <snowplow_tracker.self_describing_json.SelfDescribingJson object at 0x000001AD6E57BED0>, <snowplow_tracker.self_describing_json.SelfDescribingJson object at 0x000001AD6E57BB10>]}


============================== 02:08:00.094185 | 0f429acc-796d-4c07-9f50-d1dc2ffaf47c ==============================
[0m02:08:00.094185 [info ] [MainThread]: Running with dbt=1.12.0
[0m02:08:00.095446 [debug] [MainThread]: running dbt with arguments {'version_check': 'True', 'no_print': 'None', 'maximum_seed_size_mib': '1', 'warn_error_options': 'WarnErrorOptionsV2(error=[], warn=[], silence=[])', 'target_path': 'None', 'static_parser': 'True', 'printer_width': '80', 'write_json': 'True', 'empty': 'False', 'log_cache_events': 'False', 'introspect': 'True', 'cache_selected_only': 'False', 'fail_fast': 'False', 'debug': 'False', 'log_format': 'default', 'profiles_dir': 'C:\\AtmoSync\\dbt', 'send_anonymous_usage_stats': 'True', 'quiet': 'False', 'warn_error': 'None', 'partial_parse': 'True', 'invocation_command': 'dbt run --select stg_commodity', 'hints_enabled': 'True', 'use_colors': 'True', 'use_experimental_parser': 'False', 'indirect_selection': 'eager', 'log_path': 'C:\\AtmoSync\\dbt\\logs'}
[0m02:08:01.931492 [debug] [MainThread]: Snowflake adapter: Setting snowflake.connector to ERROR (file logging only)
[0m02:08:01.932300 [debug] [MainThread]: Snowflake adapter: Setting botocore to ERROR (file logging only)
[0m02:08:01.932846 [debug] [MainThread]: Snowflake adapter: Setting boto3 to ERROR (file logging only)
[0m02:08:02.474079 [debug] [MainThread]: Sending event: {'category': 'dbt', 'action': 'project_id', 'label': '0f429acc-796d-4c07-9f50-d1dc2ffaf47c', 'context': [<snowplow_tracker.self_describing_json.SelfDescribingJson object at 0x000001AD6C496780>]}
[0m02:08:02.600075 [debug] [MainThread]: Sending event: {'category': 'dbt', 'action': 'adapter_info', 'label': '0f429acc-796d-4c07-9f50-d1dc2ffaf47c', 'context': [<snowplow_tracker.self_describing_json.SelfDescribingJson object at 0x000001AD79C8BF00>]}
[0m02:08:02.602569 [info ] [MainThread]: Registered adapter: snowflake=1.12.0
[0m02:08:03.433728 [debug] [MainThread]: checksum: 15948c77f26fc04b93f8c33c7d3d95880cdcb8b78a46bd5069b548daa14b9be5, vars: {}, profile: atmosync, target: dev, version: 1.12.0
[0m02:08:03.763890 [debug] [MainThread]: Partial parsing enabled: 0 files deleted, 0 files added, 0 files changed.
[0m02:08:03.764503 [debug] [MainThread]: Nothing changed, skipping partial parsing.
[0m02:08:03.764987 [debug] [MainThread]: Partial parsing enabled, no changes found, skipping parsing
[0m02:08:03.788230 [debug] [MainThread]: Sending event: {'category': 'dbt', 'action': 'load_project', 'label': '0f429acc-796d-4c07-9f50-d1dc2ffaf47c', 'context': [<snowplow_tracker.self_describing_json.SelfDescribingJson object at 0x000001AD7A077850>]}
[0m02:08:04.073673 [debug] [MainThread]: Wrote artifact WritableManifest to C:\AtmoSync\dbt\target\manifest.json
[0m02:08:04.081639 [debug] [MainThread]: Wrote artifact SemanticManifest to C:\AtmoSync\dbt\target\semantic_manifest.json
[0m02:08:04.159571 [debug] [MainThread]: Wrote artifact OsiDocument to C:\AtmoSync\dbt\target\osi_document.json
[0m02:08:04.182837 [debug] [MainThread]: Sending event: {'category': 'dbt', 'action': 'resource_counts', 'label': '0f429acc-796d-4c07-9f50-d1dc2ffaf47c', 'context': [<snowplow_tracker.self_describing_json.SelfDescribingJson object at 0x000001AD7A0DFD40>]}
[0m02:08:04.183875 [info ] [MainThread]: Found 3 models, 2 sources, 545 macros
[0m02:08:04.184876 [debug] [MainThread]: Sending event: {'category': 'dbt', 'action': 'runnable_timing', 'label': '0f429acc-796d-4c07-9f50-d1dc2ffaf47c', 'context': [<snowplow_tracker.self_describing_json.SelfDescribingJson object at 0x000001AD7A15A7B0>]}
[0m02:08:04.188910 [info ] [MainThread]: 
[0m02:08:04.190156 [info ] [MainThread]: Concurrency: 1 threads (target='dev')
[0m02:08:04.191458 [info ] [MainThread]: 
[0m02:08:04.192903 [debug] [MainThread]: Acquiring new snowflake connection 'master'
[0m02:08:04.195352 [debug] [ThreadPool]: Acquiring new snowflake connection 'list_ATMOSYNC_DB'
[0m02:08:04.235041 [debug] [ThreadPool]: Using snowflake connection "list_ATMOSYNC_DB"
[0m02:08:04.235645 [debug] [ThreadPool]: On list_ATMOSYNC_DB: show terse schemas in database ATMOSYNC_DB
    limit 10000
/* {"app": "dbt", "dbt_version": "1.12.0", "profile_name": "atmosync", "target_name": "dev", "connection_name": "list_ATMOSYNC_DB"} */
[0m02:08:04.236142 [debug] [ThreadPool]: Opening a new connection, currently in state init
[0m02:08:05.919516 [debug] [ThreadPool]: SQL status: SUCCESS 3 in 1.683 seconds
[0m02:08:05.979430 [debug] [ThreadPool]: Acquiring new snowflake connection 'list_ATMOSYNC_DB_RAW_DATA'
[0m02:08:06.001368 [debug] [ThreadPool]: Using snowflake connection "list_ATMOSYNC_DB_RAW_DATA"
[0m02:08:06.001973 [debug] [ThreadPool]: On list_ATMOSYNC_DB_RAW_DATA: show objects in ATMOSYNC_DB.RAW_DATA
    limit 10000
    

/* {"app": "dbt", "dbt_version": "1.12.0", "profile_name": "atmosync", "target_name": "dev", "connection_name": "list_ATMOSYNC_DB_RAW_DATA"} */;
[0m02:08:06.002459 [debug] [ThreadPool]: Opening a new connection, currently in state init
[0m02:08:07.240178 [debug] [ThreadPool]: SQL status: SUCCESS 2 in 1.237 seconds
[0m02:08:07.281471 [debug] [ThreadPool]: Using snowflake connection "list_ATMOSYNC_DB_RAW_DATA"
[0m02:08:07.283165 [debug] [ThreadPool]: On list_ATMOSYNC_DB_RAW_DATA: show user functions in ATMOSYNC_DB.RAW_DATA
/* {"app": "dbt", "dbt_version": "1.12.0", "profile_name": "atmosync", "target_name": "dev", "connection_name": "list_ATMOSYNC_DB_RAW_DATA"} */
[0m02:08:07.459549 [debug] [ThreadPool]: SQL status: SUCCESS 0 in 0.175 seconds
[0m02:08:07.463526 [debug] [MainThread]: Sending event: {'category': 'dbt', 'action': 'runnable_timing', 'label': '0f429acc-796d-4c07-9f50-d1dc2ffaf47c', 'context': [<snowplow_tracker.self_describing_json.SelfDescribingJson object at 0x000001AD7A3FE5B0>]}
[0m02:08:07.470372 [debug] [Thread-2 (]: Began running node model.atmosync.stg_commodity
[0m02:08:07.473119 [info ] [Thread-2 (]: 1 of 1 START sql view model RAW_DATA.stg_commodity ............................. [RUN]
[0m02:08:07.475033 [debug] [Thread-2 (]: Acquiring new snowflake connection 'model.atmosync.stg_commodity'
[0m02:08:07.475796 [debug] [Thread-2 (]: Began compiling node model.atmosync.stg_commodity
[0m02:08:07.492025 [debug] [Thread-2 (]: Writing injected SQL for node "model.atmosync.stg_commodity"
[0m02:08:07.494563 [debug] [Thread-2 (]: Began executing node model.atmosync.stg_commodity
[0m02:08:07.594812 [debug] [Thread-2 (]: Writing runtime sql for node "model.atmosync.stg_commodity"
[0m02:08:07.599002 [debug] [Thread-2 (]: Using snowflake connection "model.atmosync.stg_commodity"
[0m02:08:07.601041 [debug] [Thread-2 (]: On model.atmosync.stg_commodity: create or replace   view ATMOSYNC_DB.RAW_DATA.stg_commodity
  
  
  
  
  as (
    SELECT
    commodity,
    market,
    price,
    updated_time
FROM ATMOSYNC_DB.RAW_DATA.COMMODITY_PRICE
  )
/* {"app": "dbt", "dbt_version": "1.12.0", "profile_name": "atmosync", "target_name": "dev", "node_id": "model.atmosync.stg_commodity"} */;
[0m02:08:07.603047 [debug] [Thread-2 (]: Opening a new connection, currently in state init
[0m02:08:08.470850 [debug] [Thread-2 (]: Snowflake adapter: Snowflake query id: 01c5fef5-3203-049b-0017-a0120010a0a6
[0m02:08:08.475046 [debug] [Thread-2 (]: Snowflake adapter: Snowflake error: 002003 (42S02): SQL compilation error:
Object 'ATMOSYNC_DB.RAW_DATA.COMMODITY_PRICE' does not exist or not authorized.
[0m02:08:08.511581 [debug] [Thread-2 (]: Database Error in model stg_commodity (models\stg_commodity.sql)
  002003 (42S02): SQL compilation error:
  Object 'ATMOSYNC_DB.RAW_DATA.COMMODITY_PRICE' does not exist or not authorized.
  compiled code at target\run\atmosync\models\stg_commodity.sql
[0m02:08:08.517706 [debug] [Thread-2 (]: Sending event: {'category': 'dbt', 'action': 'run_model', 'label': '0f429acc-796d-4c07-9f50-d1dc2ffaf47c', 'context': [<snowplow_tracker.self_describing_json.SelfDescribingJson object at 0x000001AD7A19E750>]}
[0m02:08:08.523015 [error] [Thread-2 (]: 1 of 1 ERROR creating sql view model RAW_DATA.stg_commodity .................... [[31mERROR[0m in 1.04s]
[0m02:08:08.525407 [debug] [Thread-2 (]: Finished running node model.atmosync.stg_commodity
[0m02:08:08.527414 [debug] [Thread-5 (]: Marking all children of 'model.atmosync.stg_commodity' to be skipped because of status 'error'.  Reason: Database Error in model stg_commodity (models\stg_commodity.sql)
  002003 (42S02): SQL compilation error:
  Object 'ATMOSYNC_DB.RAW_DATA.COMMODITY_PRICE' does not exist or not authorized.
  compiled code at target\run\atmosync\models\stg_commodity.sql.
[0m02:08:08.533434 [debug] [MainThread]: Connection 'master' was properly closed.
[0m02:08:08.534067 [debug] [MainThread]: Connection 'list_ATMOSYNC_DB' was left open.
[0m02:08:08.534623 [debug] [MainThread]: On list_ATMOSYNC_DB: Close
[0m02:08:08.912920 [debug] [MainThread]: Connection 'list_ATMOSYNC_DB_RAW_DATA' was left open.
[0m02:08:08.914716 [debug] [MainThread]: On list_ATMOSYNC_DB_RAW_DATA: Close
[0m02:08:09.284562 [debug] [MainThread]: Connection 'model.atmosync.stg_commodity' was left open.
[0m02:08:09.285221 [debug] [MainThread]: On model.atmosync.stg_commodity: Close
[0m02:08:09.515656 [info ] [MainThread]: 
[0m02:08:09.516999 [info ] [MainThread]: Finished running 1 view model in 0 hours 0 minutes and 5.32 seconds (5.32s).
[0m02:08:09.520253 [debug] [MainThread]: Command end result
[0m02:08:09.771527 [debug] [MainThread]: Wrote artifact WritableManifest to C:\AtmoSync\dbt\target\manifest.json
[0m02:08:09.781496 [debug] [MainThread]: Wrote artifact SemanticManifest to C:\AtmoSync\dbt\target\semantic_manifest.json
[0m02:08:09.834524 [debug] [MainThread]: Wrote artifact OsiDocument to C:\AtmoSync\dbt\target\osi_document.json
[0m02:08:09.854973 [debug] [MainThread]: Wrote artifact RunExecutionResult to C:\AtmoSync\dbt\target\run_results.json
[0m02:08:09.855955 [info ] [MainThread]: 
[0m02:08:09.909087 [info ] [MainThread]: [31mCompleted with 1 error, 0 partial successes, and 0 warnings:[0m
[0m02:08:09.997845 [info ] [MainThread]: 
[0m02:08:10.022573 [error] [MainThread]: [[31mERROR[0m]: in model stg_commodity (models\stg_commodity.sql)
[0m02:08:10.024882 [error] [MainThread]:   Database Error in model stg_commodity (models\stg_commodity.sql)
  002003 (42S02): SQL compilation error:
  Object 'ATMOSYNC_DB.RAW_DATA.COMMODITY_PRICE' does not exist or not authorized.
  compiled code at target\run\atmosync\models\stg_commodity.sql
[0m02:08:10.026534 [info ] [MainThread]: 
[0m02:08:10.028700 [info ] [MainThread]:   compiled code at target\compiled\atmosync\models\stg_commodity.sql
[0m02:08:10.031792 [info ] [MainThread]: 
[0m02:08:10.034535 [info ] [MainThread]: Done. PASS=0 WARN=0 ERROR=1 SKIP=0 NO-OP=0 REUSED=0 TOTAL=1
[0m02:08:10.041052 [debug] [MainThread]: Command `dbt run` failed at 02:08:10.040624 after 10.34 seconds
[0m02:08:10.042355 [debug] [MainThread]: Sending event: {'category': 'dbt', 'action': 'invocation', 'label': 'end', 'context': [<snowplow_tracker.self_describing_json.SelfDescribingJson object at 0x000001AD7B552570>, <snowplow_tracker.self_describing_json.SelfDescribingJson object at 0x000001AD69724F50>, <snowplow_tracker.self_describing_json.SelfDescribingJson object at 0x000001AD7B53FB10>]}
[0m02:08:10.043695 [debug] [MainThread]: Flushing usage events
[0m02:08:12.764722 [debug] [MainThread]: An error was encountered while trying to flush usage events
[0m02:17:45.347210 [debug] [MainThread]: Sending event: {'category': 'dbt', 'action': 'invocation', 'label': 'start', 'context': [<snowplow_tracker.self_describing_json.SelfDescribingJson object at 0x0000027AAEF4D550>, <snowplow_tracker.self_describing_json.SelfDescribingJson object at 0x0000027AB151BED0>, <snowplow_tracker.self_describing_json.SelfDescribingJson object at 0x0000027AB151BB10>]}


============================== 02:17:45.354696 | 84f5a5f4-f739-4db8-9557-5903c0a35de5 ==============================
[0m02:17:45.354696 [info ] [MainThread]: Running with dbt=1.12.0
[0m02:17:45.355915 [debug] [MainThread]: running dbt with arguments {'static_parser': 'True', 'no_print': 'None', 'version_check': 'True', 'warn_error_options': 'WarnErrorOptionsV2(error=[], warn=[], silence=[])', 'target_path': 'None', 'maximum_seed_size_mib': '1', 'printer_width': '80', 'write_json': 'True', 'empty': 'False', 'log_cache_events': 'False', 'introspect': 'True', 'cache_selected_only': 'False', 'log_format': 'default', 'debug': 'False', 'fail_fast': 'False', 'profiles_dir': 'C:\\AtmoSync\\dbt', 'send_anonymous_usage_stats': 'True', 'quiet': 'False', 'warn_error': 'None', 'partial_parse': 'True', 'indirect_selection': 'eager', 'hints_enabled': 'True', 'use_colors': 'True', 'use_experimental_parser': 'False', 'invocation_command': 'dbt run', 'log_path': 'C:\\AtmoSync\\dbt\\logs'}
[0m02:17:46.955478 [debug] [MainThread]: Snowflake adapter: Setting snowflake.connector to ERROR (file logging only)
[0m02:17:46.956181 [debug] [MainThread]: Snowflake adapter: Setting botocore to ERROR (file logging only)
[0m02:17:46.956719 [debug] [MainThread]: Snowflake adapter: Setting boto3 to ERROR (file logging only)
[0m02:17:47.450391 [debug] [MainThread]: Sending event: {'category': 'dbt', 'action': 'project_id', 'label': '84f5a5f4-f739-4db8-9557-5903c0a35de5', 'context': [<snowplow_tracker.self_describing_json.SelfDescribingJson object at 0x0000027AAF436780>]}
[0m02:17:47.561728 [debug] [MainThread]: Sending event: {'category': 'dbt', 'action': 'adapter_info', 'label': '84f5a5f4-f739-4db8-9557-5903c0a35de5', 'context': [<snowplow_tracker.self_describing_json.SelfDescribingJson object at 0x0000027ABCBFFF00>]}
[0m02:17:47.564003 [info ] [MainThread]: Registered adapter: snowflake=1.12.0
[0m02:17:48.317151 [debug] [MainThread]: checksum: 15948c77f26fc04b93f8c33c7d3d95880cdcb8b78a46bd5069b548daa14b9be5, vars: {}, profile: atmosync, target: dev, version: 1.12.0
[0m02:17:48.502024 [info ] [MainThread]: Unable to do partial parsing because profile has changed
[0m02:17:48.503237 [debug] [MainThread]: Sending event: {'category': 'dbt', 'action': 'partial_parser', 'label': '84f5a5f4-f739-4db8-9557-5903c0a35de5', 'context': [<snowplow_tracker.self_describing_json.SelfDescribingJson object at 0x0000027ABCFEAF50>]}
[0m02:17:50.998175 [debug] [MainThread]: Sending event: {'category': 'dbt', 'action': 'load_project', 'label': '84f5a5f4-f739-4db8-9557-5903c0a35de5', 'context': [<snowplow_tracker.self_describing_json.SelfDescribingJson object at 0x0000027ABD2394F0>]}
[0m02:17:51.166039 [debug] [MainThread]: Wrote artifact WritableManifest to C:\AtmoSync\dbt\target\manifest.json
[0m02:17:51.172053 [debug] [MainThread]: Wrote artifact SemanticManifest to C:\AtmoSync\dbt\target\semantic_manifest.json
[0m02:17:51.230652 [debug] [MainThread]: Wrote artifact OsiDocument to C:\AtmoSync\dbt\target\osi_document.json
[0m02:17:51.255454 [debug] [MainThread]: Sending event: {'category': 'dbt', 'action': 'resource_counts', 'label': '84f5a5f4-f739-4db8-9557-5903c0a35de5', 'context': [<snowplow_tracker.self_describing_json.SelfDescribingJson object at 0x0000027ABD1191D0>]}
[0m02:17:51.256376 [info ] [MainThread]: Found 3 models, 2 sources, 545 macros
[0m02:17:51.257385 [debug] [MainThread]: Sending event: {'category': 'dbt', 'action': 'runnable_timing', 'label': '84f5a5f4-f739-4db8-9557-5903c0a35de5', 'context': [<snowplow_tracker.self_describing_json.SelfDescribingJson object at 0x0000027ABD236270>]}
[0m02:17:51.260360 [info ] [MainThread]: 
[0m02:17:51.261301 [info ] [MainThread]: Concurrency: 1 threads (target='dev')
[0m02:17:51.262076 [info ] [MainThread]: 
[0m02:17:51.263966 [debug] [MainThread]: Acquiring new snowflake connection 'master'
[0m02:17:51.274297 [debug] [ThreadPool]: Acquiring new snowflake connection 'list_ATMOSYNC_DB'
[0m02:17:51.300203 [debug] [ThreadPool]: Using snowflake connection "list_ATMOSYNC_DB"
[0m02:17:51.300800 [debug] [ThreadPool]: On list_ATMOSYNC_DB: show terse schemas in database ATMOSYNC_DB
    limit 10000
/* {"app": "dbt", "dbt_version": "1.12.0", "profile_name": "atmosync", "target_name": "dev", "connection_name": "list_ATMOSYNC_DB"} */
[0m02:17:51.301276 [debug] [ThreadPool]: Opening a new connection, currently in state init
[0m02:17:52.142509 [debug] [ThreadPool]: Snowflake adapter: Error running SQL: show terse schemas in database ATMOSYNC_DB
    limit 10000
/* {"app": "dbt", "dbt_version": "1.12.0", "profile_name": "atmosync", "target_name": "dev", "connection_name": "list_ATMOSYNC_DB"} */
[0m02:17:52.144293 [debug] [ThreadPool]: Snowflake adapter: Rolling back transaction.
[0m02:17:52.145708 [debug] [ThreadPool]: Snowflake adapter: Error running SQL: macro list_schemas
[0m02:17:52.146863 [debug] [ThreadPool]: Snowflake adapter: Rolling back transaction.
[0m02:17:52.150222 [debug] [MainThread]: Connection 'master' was properly closed.
[0m02:17:52.151765 [debug] [MainThread]: Connection 'list_ATMOSYNC_DB' was left open.
[0m02:17:52.152915 [debug] [MainThread]: On list_ATMOSYNC_DB: No close available on handle
[0m02:17:52.154030 [info ] [MainThread]: 
[0m02:17:52.155931 [info ] [MainThread]: Finished running  in 0 hours 0 minutes and 0.89 seconds (0.89s).
[0m02:17:52.158798 [error] [MainThread]: [[31mERROR[0m]: Encountered an error:
Runtime Error
  Database error while listing schemas in database "ATMOSYNC_DB"
  Database Error
    250001 (08001): Failed to connect to DB: UFLEKKC-IP07809.snowflakecomputing.com:443. Incorrect username or password was specified. [9e49bda8-76a7-4b98-b5da-5767c8e9f31d]
[0m02:17:52.164137 [debug] [MainThread]: Command `dbt run` failed at 02:17:52.163038 after 7.12 seconds
[0m02:17:52.166182 [debug] [MainThread]: Sending event: {'category': 'dbt', 'action': 'invocation', 'label': 'end', 'context': [<snowplow_tracker.self_describing_json.SelfDescribingJson object at 0x0000027AB11EF350>, <snowplow_tracker.self_describing_json.SelfDescribingJson object at 0x0000027ABD48C050>, <snowplow_tracker.self_describing_json.SelfDescribingJson object at 0x0000027ABD48C1B0>]}
[0m02:17:52.168920 [debug] [MainThread]: Flushing usage events
[0m02:17:54.211729 [debug] [MainThread]: An error was encountered while trying to flush usage events
[0m02:21:04.377768 [debug] [MainThread]: Sending event: {'category': 'dbt', 'action': 'invocation', 'label': 'start', 'context': [<snowplow_tracker.self_describing_json.SelfDescribingJson object at 0x000001E482E4D550>, <snowplow_tracker.self_describing_json.SelfDescribingJson object at 0x000001E4FE9FCB90>, <snowplow_tracker.self_describing_json.SelfDescribingJson object at 0x000001E48539FB10>]}


============================== 02:21:04.389844 | e16589ca-6e05-41e4-b9fb-3d72d4e3cea9 ==============================
[0m02:21:04.389844 [info ] [MainThread]: Running with dbt=1.12.0
[0m02:21:04.391879 [debug] [MainThread]: running dbt with arguments {'static_parser': 'True', 'no_print': 'None', 'maximum_seed_size_mib': '1', 'warn_error_options': 'WarnErrorOptionsV2(error=[], warn=[], silence=[])', 'version_check': 'True', 'target_path': 'None', 'printer_width': '80', 'write_json': 'True', 'introspect': 'True', 'log_cache_events': 'False', 'empty': 'None', 'cache_selected_only': 'False', 'fail_fast': 'False', 'debug': 'False', 'log_format': 'default', 'partial_parse': 'True', 'send_anonymous_usage_stats': 'True', 'quiet': 'False', 'warn_error': 'None', 'profiles_dir': 'C:\\AtmoSync\\dbt', 'invocation_command': 'dbt debug', 'hints_enabled': 'True', 'use_colors': 'True', 'use_experimental_parser': 'False', 'indirect_selection': 'eager', 'log_path': 'C:\\AtmoSync\\dbt\\logs'}
[0m02:21:04.450260 [info ] [MainThread]: dbt version: 1.12.0
[0m02:21:04.451577 [info ] [MainThread]: python version: 3.13.2
[0m02:21:04.452424 [info ] [MainThread]: python path: C:\Users\HP\AppData\Local\Programs\Python\Python313\python.exe
[0m02:21:04.453589 [info ] [MainThread]: os info: Windows-10-10.0.19045-SP0
[0m02:21:06.067469 [debug] [MainThread]: Snowflake adapter: Setting snowflake.connector to ERROR (file logging only)
[0m02:21:06.068157 [debug] [MainThread]: Snowflake adapter: Setting botocore to ERROR (file logging only)
[0m02:21:06.068678 [debug] [MainThread]: Snowflake adapter: Setting boto3 to ERROR (file logging only)
[0m02:21:06.316497 [info ] [MainThread]: Using profiles dir at C:\AtmoSync\dbt
[0m02:21:06.317889 [info ] [MainThread]: Using profiles.yml file at C:\AtmoSync\dbt\profiles.yml
[0m02:21:06.318632 [info ] [MainThread]: Using dbt_project.yml file at C:\AtmoSync\dbt\dbt_project.yml
[0m02:21:06.320757 [info ] [MainThread]: adapter type: snowflake
[0m02:21:06.321730 [info ] [MainThread]: adapter version: 1.12.0
[0m02:21:06.621412 [info ] [MainThread]: Configuration:
[0m02:21:06.622355 [info ] [MainThread]:   profiles.yml file [[32mOK found and valid[0m]
[0m02:21:06.623244 [info ] [MainThread]:   dbt_project.yml file [[32mOK found and valid[0m]
[0m02:21:06.624032 [info ] [MainThread]: Required dependencies:
[0m02:21:06.624984 [debug] [MainThread]: Executing "git --help"
[0m02:21:06.709030 [debug] [MainThread]: STDOUT: "b"usage: git [-v | --version] [-h | --help] [-C <path>] [-c <name>=<value>]\n           [--exec-path[=<path>]] [--html-path] [--man-path] [--info-path]\n           [-p | --paginate | -P | --no-pager] [--no-replace-objects] [--no-lazy-fetch]\n           [--no-optional-locks] [--no-advice] [--bare] [--git-dir=<path>]\n           [--work-tree=<path>] [--namespace=<name>] [--config-env=<name>=<envvar>]\n           <command> [<args>]\n\nThese are common Git commands used in various situations:\n\nstart a working area (see also: git help tutorial)\n   clone      Clone a repository into a new directory\n   init       Create an empty Git repository or reinitialize an existing one\n\nwork on the current change (see also: git help everyday)\n   add        Add file contents to the index\n   mv         Move or rename a file, a directory, or a symlink\n   restore    Restore working tree files\n   rm         Remove files from the working tree and from the index\n\nexamine the history and state (see also: git help revisions)\n   bisect     Use binary search to find the commit that introduced a bug\n   diff       Show changes between commits, commit and working tree, etc\n   grep       Print lines matching a pattern\n   log        Show commit logs\n   show       Show various types of objects\n   status     Show the working tree status\n\ngrow, mark and tweak your common history\n   backfill   Download missing objects in a partial clone\n   branch     List, create, or delete branches\n   commit     Record changes to the repository\n   history    EXPERIMENTAL: Rewrite history\n   merge      Join two or more development histories together\n   rebase     Reapply commits on top of another base tip\n   reset      Set `HEAD` or the index to a known state\n   switch     Switch branches\n   tag        Create, list, delete or verify tags\n\ncollaborate (see also: git help workflows)\n   fetch      Download objects and refs from another repository\n   pull       Fetch from and integrate with another repository or a local branch\n   push       Update remote refs along with associated objects\n\n'git help -a' and 'git help -g' list available subcommands and some\nconcept guides. See 'git help <command>' or 'git help <concept>'\nto read about a specific subcommand or concept.\nSee 'git help git' for an overview of the system.\n""
[0m02:21:06.711499 [debug] [MainThread]: STDERR: "b''"
[0m02:21:06.712837 [info ] [MainThread]:  - git [[32mOK found[0m]

[0m02:21:06.714614 [info ] [MainThread]: Connection:
[0m02:21:06.716633 [info ] [MainThread]:   account: PLQUAAJ-KL48718
[0m02:21:06.718665 [info ] [MainThread]:   user: PRIYADARSHANIPADHY
[0m02:21:06.720543 [info ] [MainThread]:   database: ATMOSYNC_DB
[0m02:21:06.723197 [info ] [MainThread]:   warehouse: ATMOSYNC_WH
[0m02:21:06.726482 [info ] [MainThread]:   role: ACCOUNTADMIN
[0m02:21:06.732244 [info ] [MainThread]:   schema: RAW_DATA
[0m02:21:06.736070 [info ] [MainThread]:   authenticator: None
[0m02:21:06.743610 [info ] [MainThread]:   oauth_client_id: None
[0m02:21:06.796800 [info ] [MainThread]:   query_tag: None
[0m02:21:06.835462 [info ] [MainThread]:   client_session_keep_alive: False
[0m02:21:06.870557 [info ] [MainThread]:   host: None
[0m02:21:06.878182 [info ] [MainThread]:   port: None
[0m02:21:06.879644 [info ] [MainThread]:   proxy_host: None
[0m02:21:06.881239 [info ] [MainThread]:   proxy_port: None
[0m02:21:06.882675 [info ] [MainThread]:   protocol: None
[0m02:21:06.884366 [info ] [MainThread]:   connect_retries: 1
[0m02:21:06.885679 [info ] [MainThread]:   connect_timeout: None
[0m02:21:06.887507 [info ] [MainThread]:   retry_on_database_errors: False
[0m02:21:06.889336 [info ] [MainThread]:   retry_all: False
[0m02:21:06.891355 [info ] [MainThread]:   insecure_mode: False
[0m02:21:06.913797 [info ] [MainThread]:   reuse_connections: True
[0m02:21:06.915709 [info ] [MainThread]:   s3_stage_vpce_dns_name: None
[0m02:21:06.917354 [info ] [MainThread]:   workload_identity_provider: None
[0m02:21:06.922403 [info ] [MainThread]:   workload_identity_entra_resource: None
[0m02:21:06.923994 [info ] [MainThread]:   platform_detection_timeout_seconds: 0.0
[0m02:21:06.925915 [info ] [MainThread]: Registered adapter: snowflake=1.12.0
[0m02:21:07.785851 [debug] [MainThread]: Acquiring new snowflake connection 'debug'
[0m02:21:07.789933 [debug] [MainThread]: Using snowflake connection "debug"
[0m02:21:07.790478 [debug] [MainThread]: On debug: select 1 as id
[0m02:21:07.790913 [debug] [MainThread]: Opening a new connection, currently in state init
[0m02:21:09.797395 [debug] [MainThread]: Snowflake adapter: Error running SQL: select 1 as id
[0m02:21:09.798144 [debug] [MainThread]: Snowflake adapter: Rolling back transaction.
[0m02:21:09.798679 [info ] [MainThread]:   Connection test: [[31mERROR[0m]

[0m02:21:09.799733 [info ] [MainThread]: [31m1 check failed:[0m
[0m02:21:09.800723 [info ] [MainThread]: dbt was unable to connect to the specified database.
The database returned the following error:

  >Database Error
  250001 (08001): Failed to connect to DB: PLQUAAJ-KL48718.snowflakecomputing.com:443. Incorrect username or password was specified.

Check your database credentials and try again. For more information, visit:
https://docs.getdbt.com/docs/configure-your-profile


[0m02:21:09.802661 [debug] [MainThread]: Command `dbt debug` failed at 02:21:09.802418 after 5.76 seconds
[0m02:21:09.803396 [debug] [MainThread]: Connection 'debug' was left open.
[0m02:21:09.803932 [debug] [MainThread]: On debug: No close available on handle
[0m02:21:09.804492 [debug] [MainThread]: Sending event: {'category': 'dbt', 'action': 'invocation', 'label': 'end', 'context': [<snowplow_tracker.self_describing_json.SelfDescribingJson object at 0x000001E491FB75C0>, <snowplow_tracker.self_describing_json.SelfDescribingJson object at 0x000001E490C5DA30>, <snowplow_tracker.self_describing_json.SelfDescribingJson object at 0x000001E490BA6030>]}
[0m02:21:09.805130 [debug] [MainThread]: Flushing usage events
[0m02:21:13.152403 [debug] [MainThread]: An error was encountered while trying to flush usage events
[0m02:23:01.760476 [debug] [MainThread]: Sending event: {'category': 'dbt', 'action': 'invocation', 'label': 'start', 'context': [<snowplow_tracker.self_describing_json.SelfDescribingJson object at 0x000002120914D550>, <snowplow_tracker.self_describing_json.SelfDescribingJson object at 0x0000021204D0CB90>, <snowplow_tracker.self_describing_json.SelfDescribingJson object at 0x000002120B69FB10>]}


============================== 02:23:01.767646 | 33cdf9d5-6a62-4f1b-9fd2-62681cdfc811 ==============================
[0m02:23:01.767646 [info ] [MainThread]: Running with dbt=1.12.0
[0m02:23:01.768858 [debug] [MainThread]: running dbt with arguments {'maximum_seed_size_mib': '1', 'no_print': 'None', 'static_parser': 'True', 'warn_error_options': 'WarnErrorOptionsV2(error=[], warn=[], silence=[])', 'target_path': 'None', 'version_check': 'True', 'printer_width': '80', 'write_json': 'True', 'empty': 'None', 'log_cache_events': 'False', 'introspect': 'True', 'cache_selected_only': 'False', 'log_format': 'default', 'debug': 'False', 'fail_fast': 'False', 'partial_parse': 'True', 'send_anonymous_usage_stats': 'True', 'quiet': 'False', 'warn_error': 'None', 'profiles_dir': 'C:\\AtmoSync\\dbt', 'use_colors': 'True', 'hints_enabled': 'True', 'invocation_command': 'dbt debug', 'use_experimental_parser': 'False', 'indirect_selection': 'eager', 'log_path': 'C:\\AtmoSync\\dbt\\logs'}
[0m02:23:01.813754 [info ] [MainThread]: dbt version: 1.12.0
[0m02:23:01.814687 [info ] [MainThread]: python version: 3.13.2
[0m02:23:01.815538 [info ] [MainThread]: python path: C:\Users\HP\AppData\Local\Programs\Python\Python313\python.exe
[0m02:23:01.816323 [info ] [MainThread]: os info: Windows-10-10.0.19045-SP0
[0m02:23:03.431701 [debug] [MainThread]: Snowflake adapter: Setting snowflake.connector to ERROR (file logging only)
[0m02:23:03.432462 [debug] [MainThread]: Snowflake adapter: Setting botocore to ERROR (file logging only)
[0m02:23:03.432986 [debug] [MainThread]: Snowflake adapter: Setting boto3 to ERROR (file logging only)
[0m02:23:03.768221 [info ] [MainThread]: Using profiles dir at C:\AtmoSync\dbt
[0m02:23:03.769558 [info ] [MainThread]: Using profiles.yml file at C:\AtmoSync\dbt\profiles.yml
[0m02:23:03.771002 [info ] [MainThread]: Using dbt_project.yml file at C:\AtmoSync\dbt\dbt_project.yml
[0m02:23:03.773669 [info ] [MainThread]: adapter type: snowflake
[0m02:23:03.779836 [info ] [MainThread]: adapter version: 1.12.0
[0m02:23:03.986375 [info ] [MainThread]: Configuration:
[0m02:23:03.987429 [info ] [MainThread]:   profiles.yml file [[32mOK found and valid[0m]
[0m02:23:03.988284 [info ] [MainThread]:   dbt_project.yml file [[32mOK found and valid[0m]
[0m02:23:03.989034 [info ] [MainThread]: Required dependencies:
[0m02:23:03.989827 [debug] [MainThread]: Executing "git --help"
[0m02:23:04.054462 [debug] [MainThread]: STDOUT: "b"usage: git [-v | --version] [-h | --help] [-C <path>] [-c <name>=<value>]\n           [--exec-path[=<path>]] [--html-path] [--man-path] [--info-path]\n           [-p | --paginate | -P | --no-pager] [--no-replace-objects] [--no-lazy-fetch]\n           [--no-optional-locks] [--no-advice] [--bare] [--git-dir=<path>]\n           [--work-tree=<path>] [--namespace=<name>] [--config-env=<name>=<envvar>]\n           <command> [<args>]\n\nThese are common Git commands used in various situations:\n\nstart a working area (see also: git help tutorial)\n   clone      Clone a repository into a new directory\n   init       Create an empty Git repository or reinitialize an existing one\n\nwork on the current change (see also: git help everyday)\n   add        Add file contents to the index\n   mv         Move or rename a file, a directory, or a symlink\n   restore    Restore working tree files\n   rm         Remove files from the working tree and from the index\n\nexamine the history and state (see also: git help revisions)\n   bisect     Use binary search to find the commit that introduced a bug\n   diff       Show changes between commits, commit and working tree, etc\n   grep       Print lines matching a pattern\n   log        Show commit logs\n   show       Show various types of objects\n   status     Show the working tree status\n\ngrow, mark and tweak your common history\n   backfill   Download missing objects in a partial clone\n   branch     List, create, or delete branches\n   commit     Record changes to the repository\n   history    EXPERIMENTAL: Rewrite history\n   merge      Join two or more development histories together\n   rebase     Reapply commits on top of another base tip\n   reset      Set `HEAD` or the index to a known state\n   switch     Switch branches\n   tag        Create, list, delete or verify tags\n\ncollaborate (see also: git help workflows)\n   fetch      Download objects and refs from another repository\n   pull       Fetch from and integrate with another repository or a local branch\n   push       Update remote refs along with associated objects\n\n'git help -a' and 'git help -g' list available subcommands and some\nconcept guides. See 'git help <command>' or 'git help <concept>'\nto read about a specific subcommand or concept.\nSee 'git help git' for an overview of the system.\n""
[0m02:23:04.055287 [debug] [MainThread]: STDERR: "b''"
[0m02:23:04.055906 [info ] [MainThread]:  - git [[32mOK found[0m]

[0m02:23:04.056802 [info ] [MainThread]: Connection:
[0m02:23:04.057537 [info ] [MainThread]:   account: PLQUAAJ-KL48718
[0m02:23:04.058288 [info ] [MainThread]:   user: priyadarshanipadhy
[0m02:23:04.058983 [info ] [MainThread]:   database: ATMOSYNC_DB
[0m02:23:04.059738 [info ] [MainThread]:   warehouse: ATMOSYNC_WH
[0m02:23:04.060396 [info ] [MainThread]:   role: ACCOUNTADMIN
[0m02:23:04.061141 [info ] [MainThread]:   schema: RAW_DATA
[0m02:23:04.062751 [info ] [MainThread]:   authenticator: None
[0m02:23:04.063539 [info ] [MainThread]:   oauth_client_id: None
[0m02:23:04.064247 [info ] [MainThread]:   query_tag: None
[0m02:23:04.065040 [info ] [MainThread]:   client_session_keep_alive: False
[0m02:23:04.065727 [info ] [MainThread]:   host: None
[0m02:23:04.066456 [info ] [MainThread]:   port: None
[0m02:23:04.067235 [info ] [MainThread]:   proxy_host: None
[0m02:23:04.068388 [info ] [MainThread]:   proxy_port: None
[0m02:23:04.069209 [info ] [MainThread]:   protocol: None
[0m02:23:04.069947 [info ] [MainThread]:   connect_retries: 1
[0m02:23:04.070716 [info ] [MainThread]:   connect_timeout: None
[0m02:23:04.071486 [info ] [MainThread]:   retry_on_database_errors: False
[0m02:23:04.072255 [info ] [MainThread]:   retry_all: False
[0m02:23:04.072994 [info ] [MainThread]:   insecure_mode: False
[0m02:23:04.073813 [info ] [MainThread]:   reuse_connections: True
[0m02:23:04.075020 [info ] [MainThread]:   s3_stage_vpce_dns_name: None
[0m02:23:04.075834 [info ] [MainThread]:   workload_identity_provider: None
[0m02:23:04.076610 [info ] [MainThread]:   workload_identity_entra_resource: None
[0m02:23:04.077362 [info ] [MainThread]:   platform_detection_timeout_seconds: 0.0
[0m02:23:04.078603 [info ] [MainThread]: Registered adapter: snowflake=1.12.0
[0m02:23:04.854668 [debug] [MainThread]: Acquiring new snowflake connection 'debug'
[0m02:23:04.858653 [debug] [MainThread]: Using snowflake connection "debug"
[0m02:23:04.859196 [debug] [MainThread]: On debug: select 1 as id
[0m02:23:04.859640 [debug] [MainThread]: Opening a new connection, currently in state init
[0m02:23:06.321347 [debug] [MainThread]: Snowflake adapter: Error running SQL: select 1 as id
[0m02:23:06.322038 [debug] [MainThread]: Snowflake adapter: Rolling back transaction.
[0m02:23:06.322551 [info ] [MainThread]:   Connection test: [[31mERROR[0m]

[0m02:23:06.323485 [info ] [MainThread]: [31m1 check failed:[0m
[0m02:23:06.324407 [info ] [MainThread]: dbt was unable to connect to the specified database.
The database returned the following error:

  >Database Error
  250001 (08001): Failed to connect to DB: PLQUAAJ-KL48718.snowflakecomputing.com:443. Incorrect username or password was specified.

Check your database credentials and try again. For more information, visit:
https://docs.getdbt.com/docs/configure-your-profile


[0m02:23:06.326163 [debug] [MainThread]: Command `dbt debug` failed at 02:23:06.325956 after 4.87 seconds
[0m02:23:06.326802 [debug] [MainThread]: Connection 'debug' was left open.
[0m02:23:06.327268 [debug] [MainThread]: On debug: No close available on handle
[0m02:23:06.327767 [debug] [MainThread]: Sending event: {'category': 'dbt', 'action': 'invocation', 'label': 'end', 'context': [<snowplow_tracker.self_describing_json.SelfDescribingJson object at 0x0000021216FA08A0>, <snowplow_tracker.self_describing_json.SelfDescribingJson object at 0x0000021216FEDA30>, <snowplow_tracker.self_describing_json.SelfDescribingJson object at 0x0000021216F36030>]}
[0m02:23:06.328334 [debug] [MainThread]: Flushing usage events
[0m02:23:08.657976 [debug] [MainThread]: An error was encountered while trying to flush usage events
[0m02:23:44.313236 [debug] [MainThread]: Sending event: {'category': 'dbt', 'action': 'invocation', 'label': 'start', 'context': [<snowplow_tracker.self_describing_json.SelfDescribingJson object at 0x0000025C193BD550>, <snowplow_tracker.self_describing_json.SelfDescribingJson object at 0x0000025C1B987ED0>, <snowplow_tracker.self_describing_json.SelfDescribingJson object at 0x0000025C1B987B10>]}


============================== 02:23:44.323153 | 79d58a99-5ada-456d-9907-d38e588c5e69 ==============================
[0m02:23:44.323153 [info ] [MainThread]: Running with dbt=1.12.0
[0m02:23:44.324956 [debug] [MainThread]: running dbt with arguments {'version_check': 'True', 'no_print': 'None', 'static_parser': 'True', 'warn_error_options': 'WarnErrorOptionsV2(error=[], warn=[], silence=[])', 'target_path': 'None', 'maximum_seed_size_mib': '1', 'printer_width': '80', 'write_json': 'True', 'introspect': 'True', 'log_cache_events': 'False', 'empty': 'False', 'cache_selected_only': 'False', 'log_format': 'default', 'debug': 'False', 'fail_fast': 'False', 'partial_parse': 'True', 'send_anonymous_usage_stats': 'True', 'quiet': 'False', 'warn_error': 'None', 'profiles_dir': 'C:\\AtmoSync\\dbt', 'indirect_selection': 'eager', 'hints_enabled': 'True', 'invocation_command': 'dbt run', 'use_experimental_parser': 'False', 'use_colors': 'True', 'log_path': 'C:\\AtmoSync\\dbt\\logs'}
[0m02:23:45.977590 [debug] [MainThread]: Snowflake adapter: Setting snowflake.connector to ERROR (file logging only)
[0m02:23:45.978285 [debug] [MainThread]: Snowflake adapter: Setting botocore to ERROR (file logging only)
[0m02:23:45.978817 [debug] [MainThread]: Snowflake adapter: Setting boto3 to ERROR (file logging only)
[0m02:23:46.461859 [debug] [MainThread]: Sending event: {'category': 'dbt', 'action': 'project_id', 'label': '79d58a99-5ada-456d-9907-d38e588c5e69', 'context': [<snowplow_tracker.self_describing_json.SelfDescribingJson object at 0x0000025C198A6780>]}
[0m02:23:46.593197 [debug] [MainThread]: Sending event: {'category': 'dbt', 'action': 'adapter_info', 'label': '79d58a99-5ada-456d-9907-d38e588c5e69', 'context': [<snowplow_tracker.self_describing_json.SelfDescribingJson object at 0x0000025C270BBF00>]}
[0m02:23:46.595621 [info ] [MainThread]: Registered adapter: snowflake=1.12.0
[0m02:23:47.366870 [debug] [MainThread]: checksum: 15948c77f26fc04b93f8c33c7d3d95880cdcb8b78a46bd5069b548daa14b9be5, vars: {}, profile: atmosync, target: dev, version: 1.12.0
[0m02:23:47.571895 [info ] [MainThread]: Unable to do partial parsing because profile has changed
[0m02:23:47.573039 [debug] [MainThread]: Sending event: {'category': 'dbt', 'action': 'partial_parser', 'label': '79d58a99-5ada-456d-9907-d38e588c5e69', 'context': [<snowplow_tracker.self_describing_json.SelfDescribingJson object at 0x0000025C274A6F50>]}
[0m02:23:49.978264 [debug] [MainThread]: Sending event: {'category': 'dbt', 'action': 'load_project', 'label': '79d58a99-5ada-456d-9907-d38e588c5e69', 'context': [<snowplow_tracker.self_describing_json.SelfDescribingJson object at 0x0000025C276F54F0>]}
[0m02:23:50.140879 [debug] [MainThread]: Wrote artifact WritableManifest to C:\AtmoSync\dbt\target\manifest.json
[0m02:23:50.147764 [debug] [MainThread]: Wrote artifact SemanticManifest to C:\AtmoSync\dbt\target\semantic_manifest.json
[0m02:23:50.206023 [debug] [MainThread]: Wrote artifact OsiDocument to C:\AtmoSync\dbt\target\osi_document.json
[0m02:23:50.231206 [debug] [MainThread]: Sending event: {'category': 'dbt', 'action': 'resource_counts', 'label': '79d58a99-5ada-456d-9907-d38e588c5e69', 'context': [<snowplow_tracker.self_describing_json.SelfDescribingJson object at 0x0000025C277611D0>]}
[0m02:23:50.232087 [info ] [MainThread]: Found 3 models, 2 sources, 545 macros
[0m02:23:50.233081 [debug] [MainThread]: Sending event: {'category': 'dbt', 'action': 'runnable_timing', 'label': '79d58a99-5ada-456d-9907-d38e588c5e69', 'context': [<snowplow_tracker.self_describing_json.SelfDescribingJson object at 0x0000025C276EA270>]}
[0m02:23:50.236947 [info ] [MainThread]: 
[0m02:23:50.238048 [info ] [MainThread]: Concurrency: 1 threads (target='dev')
[0m02:23:50.239420 [info ] [MainThread]: 
[0m02:23:50.241109 [debug] [MainThread]: Acquiring new snowflake connection 'master'
[0m02:23:50.252237 [debug] [ThreadPool]: Acquiring new snowflake connection 'list_ATMOSYNC_DB'
[0m02:23:50.275223 [debug] [ThreadPool]: Using snowflake connection "list_ATMOSYNC_DB"
[0m02:23:50.275790 [debug] [ThreadPool]: On list_ATMOSYNC_DB: show terse schemas in database ATMOSYNC_DB
    limit 10000
/* {"app": "dbt", "dbt_version": "1.12.0", "profile_name": "atmosync", "target_name": "dev", "connection_name": "list_ATMOSYNC_DB"} */
[0m02:23:50.277003 [debug] [ThreadPool]: Opening a new connection, currently in state init
[0m02:23:52.078930 [debug] [ThreadPool]: SQL status: SUCCESS 3 in 1.802 seconds
[0m02:23:52.086147 [debug] [ThreadPool]: Acquiring new snowflake connection 'list_ATMOSYNC_DB_RAW_DATA'
[0m02:23:52.113945 [debug] [ThreadPool]: Using snowflake connection "list_ATMOSYNC_DB_RAW_DATA"
[0m02:23:52.114542 [debug] [ThreadPool]: On list_ATMOSYNC_DB_RAW_DATA: show objects in ATMOSYNC_DB.RAW_DATA
    limit 10000
    

/* {"app": "dbt", "dbt_version": "1.12.0", "profile_name": "atmosync", "target_name": "dev", "connection_name": "list_ATMOSYNC_DB_RAW_DATA"} */;
[0m02:23:52.115005 [debug] [ThreadPool]: Opening a new connection, currently in state init
[0m02:23:53.787071 [debug] [ThreadPool]: SQL status: SUCCESS 2 in 1.672 seconds
[0m02:23:53.809752 [debug] [ThreadPool]: Using snowflake connection "list_ATMOSYNC_DB_RAW_DATA"
[0m02:23:53.811090 [debug] [ThreadPool]: On list_ATMOSYNC_DB_RAW_DATA: show user functions in ATMOSYNC_DB.RAW_DATA
/* {"app": "dbt", "dbt_version": "1.12.0", "profile_name": "atmosync", "target_name": "dev", "connection_name": "list_ATMOSYNC_DB_RAW_DATA"} */
[0m02:23:54.086714 [debug] [ThreadPool]: SQL status: SUCCESS 0 in 0.274 seconds
[0m02:23:54.096317 [debug] [MainThread]: Sending event: {'category': 'dbt', 'action': 'runnable_timing', 'label': '79d58a99-5ada-456d-9907-d38e588c5e69', 'context': [<snowplow_tracker.self_describing_json.SelfDescribingJson object at 0x0000025C2797FA10>]}
[0m02:23:54.104856 [debug] [Thread-2 (]: Began running node model.atmosync.stg_commodity
[0m02:23:54.105753 [info ] [Thread-2 (]: 1 of 3 START sql view model RAW_DATA.stg_commodity ............................. [RUN]
[0m02:23:54.106964 [debug] [Thread-2 (]: Acquiring new snowflake connection 'model.atmosync.stg_commodity'
[0m02:23:54.107608 [debug] [Thread-2 (]: Began compiling node model.atmosync.stg_commodity
[0m02:23:54.118104 [debug] [Thread-2 (]: Writing injected SQL for node "model.atmosync.stg_commodity"
[0m02:23:54.121257 [debug] [Thread-2 (]: Began executing node model.atmosync.stg_commodity
[0m02:23:54.170998 [debug] [Thread-2 (]: Writing runtime sql for node "model.atmosync.stg_commodity"
[0m02:23:54.173697 [debug] [Thread-2 (]: Using snowflake connection "model.atmosync.stg_commodity"
[0m02:23:54.174405 [debug] [Thread-2 (]: On model.atmosync.stg_commodity: create or replace   view ATMOSYNC_DB.RAW_DATA.stg_commodity
  
  
  
  
  as (
    SELECT
    commodity,
    market,
    price,
    updated_time
FROM ATMOSYNC_DB.RAW_DATA.COMMODITY_PRICE
  )
/* {"app": "dbt", "dbt_version": "1.12.0", "profile_name": "atmosync", "target_name": "dev", "node_id": "model.atmosync.stg_commodity"} */;
[0m02:23:54.175030 [debug] [Thread-2 (]: Opening a new connection, currently in state init
[0m02:23:55.867748 [debug] [Thread-2 (]: SQL status: SUCCESS 1 in 1.692 seconds
[0m02:23:55.927936 [debug] [Thread-2 (]: Sending event: {'category': 'dbt', 'action': 'run_model', 'label': '79d58a99-5ada-456d-9907-d38e588c5e69', 'context': [<snowplow_tracker.self_describing_json.SelfDescribingJson object at 0x0000025C27B0FA10>]}
[0m02:23:55.929070 [info ] [Thread-2 (]: 1 of 3 OK created sql view model RAW_DATA.stg_commodity ........................ [[32mSUCCESS 1[0m in 1.82s]
[0m02:23:55.930534 [debug] [Thread-2 (]: Finished running node model.atmosync.stg_commodity
[0m02:23:55.931333 [debug] [Thread-2 (]: Began running node model.atmosync.stg_sensor_data
[0m02:23:55.932074 [info ] [Thread-2 (]: 2 of 3 START sql view model RAW_DATA.stg_sensor_data ........................... [RUN]
[0m02:23:55.933177 [debug] [Thread-2 (]: Re-using an available connection from the pool (formerly model.atmosync.stg_commodity, now model.atmosync.stg_sensor_data)
[0m02:23:55.933807 [debug] [Thread-2 (]: Began compiling node model.atmosync.stg_sensor_data
[0m02:23:55.936553 [debug] [Thread-2 (]: Writing injected SQL for node "model.atmosync.stg_sensor_data"
[0m02:23:55.938342 [debug] [Thread-2 (]: Began executing node model.atmosync.stg_sensor_data
[0m02:23:55.941836 [debug] [Thread-2 (]: Writing runtime sql for node "model.atmosync.stg_sensor_data"
[0m02:23:55.944953 [debug] [Thread-2 (]: Using snowflake connection "model.atmosync.stg_sensor_data"
[0m02:23:55.946503 [debug] [Thread-2 (]: On model.atmosync.stg_sensor_data: create or replace   view ATMOSYNC_DB.RAW_DATA.stg_sensor_data
  
  
  
  
  as (
    SELECT
    container_id,
    commodity,
    location,
    temperature,
    humidity,
    vibration,
    battery_level,
    sensor_status,
    event_time
FROM ATMOSYNC_DB.RAW_DATA.CONTAINER_SENSOR_DATA
  )
/* {"app": "dbt", "dbt_version": "1.12.0", "profile_name": "atmosync", "target_name": "dev", "node_id": "model.atmosync.stg_sensor_data"} */;
[0m02:23:56.307676 [debug] [Thread-2 (]: SQL status: SUCCESS 1 in 0.360 seconds
[0m02:23:56.312482 [debug] [Thread-2 (]: Sending event: {'category': 'dbt', 'action': 'run_model', 'label': '79d58a99-5ada-456d-9907-d38e588c5e69', 'context': [<snowplow_tracker.self_describing_json.SelfDescribingJson object at 0x0000025C28AF6E90>]}
[0m02:23:56.313396 [info ] [Thread-2 (]: 2 of 3 OK created sql view model RAW_DATA.stg_sensor_data ...................... [[32mSUCCESS 1[0m in 0.38s]
[0m02:23:56.314915 [debug] [Thread-2 (]: Finished running node model.atmosync.stg_sensor_data
[0m02:23:56.316282 [debug] [Thread-2 (]: Began running node model.atmosync.fact_container_data
[0m02:23:56.317124 [info ] [Thread-2 (]: 3 of 3 START sql view model RAW_DATA.fact_container_data ....................... [RUN]
[0m02:23:56.318332 [debug] [Thread-2 (]: Re-using an available connection from the pool (formerly model.atmosync.stg_sensor_data, now model.atmosync.fact_container_data)
[0m02:23:56.319021 [debug] [Thread-2 (]: Began compiling node model.atmosync.fact_container_data
[0m02:23:56.322127 [debug] [Thread-2 (]: Writing injected SQL for node "model.atmosync.fact_container_data"
[0m02:23:56.329744 [debug] [Thread-2 (]: Began executing node model.atmosync.fact_container_data
[0m02:23:56.338472 [debug] [Thread-2 (]: Writing runtime sql for node "model.atmosync.fact_container_data"
[0m02:23:56.347761 [debug] [Thread-2 (]: Using snowflake connection "model.atmosync.fact_container_data"
[0m02:23:56.348444 [debug] [Thread-2 (]: On model.atmosync.fact_container_data: create or replace   view ATMOSYNC_DB.RAW_DATA.fact_container_data
  
  
  
  
  as (
    SELECT

s.container_id,

s.commodity,

s.location,

s.temperature,

s.humidity,

s.vibration,

s.battery_level,

s.sensor_status,

c.market,

c.price,

s.event_time

FROM ATMOSYNC_DB.RAW_DATA.stg_sensor_data s

JOIN ATMOSYNC_DB.RAW_DATA.stg_commodity c

ON s.commodity = c.commodity
  )
/* {"app": "dbt", "dbt_version": "1.12.0", "profile_name": "atmosync", "target_name": "dev", "node_id": "model.atmosync.fact_container_data"} */;
[0m02:23:56.889274 [debug] [Thread-2 (]: SQL status: SUCCESS 1 in 0.540 seconds
[0m02:23:56.896763 [debug] [Thread-2 (]: Sending event: {'category': 'dbt', 'action': 'run_model', 'label': '79d58a99-5ada-456d-9907-d38e588c5e69', 'context': [<snowplow_tracker.self_describing_json.SelfDescribingJson object at 0x0000025C28C7F750>]}
[0m02:23:56.898887 [info ] [Thread-2 (]: 3 of 3 OK created sql view model RAW_DATA.fact_container_data .................. [[32mSUCCESS 1[0m in 0.58s]
[0m02:23:56.902135 [debug] [Thread-2 (]: Finished running node model.atmosync.fact_container_data
[0m02:23:56.905384 [debug] [MainThread]: Connection 'master' was properly closed.
[0m02:23:56.906449 [debug] [MainThread]: Connection 'list_ATMOSYNC_DB' was left open.
[0m02:23:56.907493 [debug] [MainThread]: On list_ATMOSYNC_DB: Close
[0m02:23:57.507849 [debug] [MainThread]: Connection 'list_ATMOSYNC_DB_RAW_DATA' was left open.
[0m02:23:57.509393 [debug] [MainThread]: On list_ATMOSYNC_DB_RAW_DATA: Close
[0m02:23:58.070895 [debug] [MainThread]: Connection 'model.atmosync.fact_container_data' was left open.
[0m02:23:58.072410 [debug] [MainThread]: On model.atmosync.fact_container_data: Close
[0m02:23:58.634909 [info ] [MainThread]: 
[0m02:23:58.636906 [info ] [MainThread]: Finished running 3 view models in 0 hours 0 minutes and 8.39 seconds (8.39s).
[0m02:23:58.642192 [debug] [MainThread]: Command end result
[0m02:23:58.712003 [debug] [MainThread]: Wrote artifact WritableManifest to C:\AtmoSync\dbt\target\manifest.json
[0m02:23:58.718944 [debug] [MainThread]: Wrote artifact SemanticManifest to C:\AtmoSync\dbt\target\semantic_manifest.json
[0m02:23:58.725523 [debug] [MainThread]: Wrote artifact OsiDocument to C:\AtmoSync\dbt\target\osi_document.json
[0m02:23:58.737960 [debug] [MainThread]: Wrote artifact RunExecutionResult to C:\AtmoSync\dbt\target\run_results.json
[0m02:23:58.738832 [info ] [MainThread]: 
[0m02:23:58.739973 [info ] [MainThread]: [32mCompleted successfully[0m
[0m02:23:58.740851 [info ] [MainThread]: 
[0m02:23:58.741739 [info ] [MainThread]: Done. PASS=3 WARN=0 ERROR=0 SKIP=0 NO-OP=0 REUSED=0 TOTAL=3
[0m02:23:58.743493 [debug] [MainThread]: Command `dbt run` succeeded at 02:23:58.743277 after 14.66 seconds
[0m02:23:58.744098 [debug] [MainThread]: Sending event: {'category': 'dbt', 'action': 'invocation', 'label': 'end', 'context': [<snowplow_tracker.self_describing_json.SelfDescribingJson object at 0x0000025C1B9CA200>, <snowplow_tracker.self_describing_json.SelfDescribingJson object at 0x0000025C1276A120>, <snowplow_tracker.self_describing_json.SelfDescribingJson object at 0x0000025C277C1370>]}
[0m02:23:58.744694 [debug] [MainThread]: Flushing usage events
[0m02:24:00.984795 [debug] [MainThread]: An error was encountered while trying to flush usage events
